instance_id;value;time
nauty-12_0;12;-1
nauty-12_1;12;-1
nauty-12_2;12;-1
nauty-12_3;12;-1
nauty-12_4;12;-1
nauty-12_5;12;-1
nauty-12_6;12;-1
nauty-12_7;12;-1
nauty-12_8;12;-1
nauty-12_9;12;-1
nauty-12_10;12;-1
nauty-12_11;11;-1
nauty-12_12;12;-1
nauty-12_13;12;-1
nauty-12_14;12;-1
nauty-12_15;12;-1
nauty-12_16;12;-1
nauty-12_17;12;-1
nauty-12_18;12;-1
nauty-12_19;12;-1
nauty-12_20;12;-1
nauty-12_21;12;-1
nauty-12_22;12;-1
nauty-12_23;12;-1
nauty-12_24;12;-1
nauty-12_25;12;-1
nauty-12_26;12;-1
nauty-12_27;12;-1
nauty-12_28;12;-1
nauty-12_29;12;-1
nauty-12_30;12;-1
nauty-12_31;11;-1
nauty-12_32;10;-1
nauty-12_33;12;-1
nauty-12_34;12;-1
nauty-12_35;12;-1
nauty-12_36;12;-1
nauty-12_37;12;-1
nauty-12_38;11;-1
nauty-12_39;12;-1
nauty-12_40;12;-1
nauty-12_41;12;-1
nauty-12_42;12;-1
nauty-12_43;12;-1
nauty-12_44;11;-1
nauty-12_45;12;-1
nauty-12_46;12;-1
nauty-12_47;12;-1
nauty-12_48;12;-1
nauty-12_49;12;-1
nauty-12_50;12;-1
nauty-12_51;12;-1
nauty-12_52;12;-1
nauty-12_53;12;-1
nauty-12_54;12;-1
nauty-12_55;12;-1
nauty-12_56;12;-1
nauty-12_57;11;-1
nauty-12_58;12;-1
nauty-12_59;12;-1
nauty-12_60;12;-1
nauty-12_61;12;-1
nauty-12_62;12;-1
nauty-12_63;12;-1
nauty-12_64;12;-1
nauty-12_65;12;-1
nauty-12_66;12;-1
nauty-12_67;12;-1
nauty-12_68;11;-1
nauty-12_69;12;-1
nauty-12_70;12;-1
nauty-12_71;12;-1
nauty-12_72;12;-1
nauty-12_73;12;-1
nauty-12_74;12;-1
nauty-12_75;12;-1
nauty-12_76;12;-1
nauty-12_77;12;-1
nauty-12_78;12;-1
nauty-12_79;12;-1
nauty-12_80;12;-1
nauty-12_81;12;-1
nauty-12_82;11;-1
nauty-12_83;11;-1
nauty-12_84;12;-1
nauty-12_85;12;-1
nauty-12_86;12;-1
nauty-12_87;11;-1
nauty-12_88;12;-1
nauty-12_89;12;-1
nauty-12_90;12;-1
nauty-12_91;12;-1
nauty-12_92;12;-1
nauty-12_93;12;-1
nauty-12_94;12;-1
nauty-12_95;12;-1
nauty-12_96;12;-1
nauty-12_97;11;-1
nauty-12_98;12;-1
nauty-12_99;12;-1
condorcet_noise_1_0;7;-1
condorcet_noise_1_1;10;-1
condorcet_noise_1_2;6;-1
condorcet_noise_1_3;11;-1
condorcet_noise_1_4;7;-1
condorcet_noise_2_0;11;-1
condorcet_noise_2_1;12;-1
condorcet_noise_2_2;11;-1
condorcet_noise_2_3;11;-1
condorcet_noise_2_4;12;-1
condorcet_noise_3_0;12;-1
condorcet_noise_3_1;12;-1
condorcet_noise_3_2;12;-1
condorcet_noise_3_3;12;-1
condorcet_noise_3_4;11;-1
condorcet_noise_4_0;12;-1
condorcet_noise_4_1;12;-1
condorcet_noise_4_2;12;-1
condorcet_noise_4_3;12;-1
condorcet_noise_4_4;12;-1
condorcet_noise_5_0;12;-1
condorcet_noise_5_1;12;-1
condorcet_noise_5_2;12;-1
condorcet_noise_5_3;12;-1
condorcet_noise_5_4;12;-1
condorcet_noise_6_0;11;-1
condorcet_noise_6_1;1;-1
condorcet_noise_6_2;11;-1
condorcet_noise_6_3;12;-1
condorcet_noise_6_4;10;-1
condorcet_reversal_1_0;1;-1
condorcet_reversal_1_1;1;-1
condorcet_reversal_1_2;1;-1
condorcet_reversal_1_3;6;-1
condorcet_reversal_1_4;1;-1
condorcet_reversal_2_0;1;-1
condorcet_reversal_2_1;1;-1
condorcet_reversal_2_2;1;-1
condorcet_reversal_2_3;1;-1
condorcet_reversal_2_4;1;-1
condorcet_reversal_4_0;8;-1
condorcet_reversal_4_1;1;-1
condorcet_reversal_4_2;7;-1
condorcet_reversal_4_3;1;-1
condorcet_reversal_4_4;5;-1
condorcet_reversal_8_0;11;-1
condorcet_reversal_8_1;1;-1
condorcet_reversal_8_2;11;-1
condorcet_reversal_8_3;1;-1
condorcet_reversal_8_4;8;-1
condorcet_reversal_16_0;12;-1
condorcet_reversal_16_1;11;-1
condorcet_reversal_16_2;1;-1
condorcet_reversal_16_3;12;-1
condorcet_reversal_16_4;12;-1
rand_pow_0;7;-1
rand_pow_1;5;-1
rand_pow_2;9;-1
rand_pow_3;1;-1
rand_pow_4;7;-1
rand_pow_5;1;-1
rand_pow_6;4;-1
rand_pow_7;12;-1
rand_pow_8;3;-1
rand_pow_9;10;-1
pow2_0;5;-1
pow2_1;5;-1
pow2_2;7;-1
pow2_3;3;-1
pow2_4;1;-1
pow2_5;5;-1
pow2_6;4;-1
pow2_7;1;-1
pow2_8;1;-1
pow2_9;1;-1
exp_0;3;-1
exp_1;1;-1
exp_2;1;-1
exp_3;1;-1
exp_4;1;-1
exp_5;1;-1
exp_6;1;-1
exp_7;1;-1
exp_8;1;-1
exp_9;1;-1
lin_0;10;-1
lin_1;10;-1
lin_2;9;-1
lin_3;8;-1
lin_4;11;-1
lin_5;9;-1
lin_6;9;-1
lin_7;10;-1
lin_8;10;-1
lin_9;11;-1
log_0;10;-1
log_1;11;-1
log_2;10;-1
log_3;11;-1
log_4;11;-1
log_5;1;-1
log_6;10;-1
log_7;10;-1
log_8;11;-1
log_9;11;-1
sqrt_0;12;-1
sqrt_1;12;-1
sqrt_2;12;-1
sqrt_3;12;-1
sqrt_4;11;-1
sqrt_5;10;-1
sqrt_6;12;-1
sqrt_7;12;-1
sqrt_8;9;-1
sqrt_9;12;-1
uniform_0;12;-1
uniform_1;12;-1
uniform_2;12;-1
uniform_3;12;-1
uniform_4;12;-1
uniform_5;12;-1
uniform_6;12;-1
uniform_7;12;-1
uniform_8;12;-1
uniform_9;12;-1
uniform_10;11;-1
uniform_11;12;-1
uniform_12;12;-1
uniform_13;12;-1
uniform_14;12;-1
uniform_15;12;-1
uniform_16;12;-1
uniform_17;12;-1
uniform_18;12;-1
uniform_19;12;-1
nba_2000-01_regular_season_0;1;-1
nba_2000-01_regular_season_0_1;9;-1
nba_2000-01_regular_season_0_1_2;10;-1
nba_2000-01_regular_season_0_1_2_3;11;-1
nba_2001-02_regular_season_0;11;-1
nba_2001-02_regular_season_0_1;12;-1
nba_2001-02_regular_season_0_1_2;9;-1
nba_2001-02_regular_season_0_1_2_3;1;-1
nba_2002-03_regular_season_0;9;-1
nba_2002-03_regular_season_0_1;11;-1
nba_2002-03_regular_season_0_1_2;12;-1
nba_2002-03_regular_season_0_1_2_3;12;-1
nba_2003-04_regular_season_0;10;-1
nba_2003-04_regular_season_0_1;10;-1
nba_2003-04_regular_season_0_1_2;1;-1
nba_2003-04_regular_season_0_1_2_3;1;-1
nba_2004-05_regular_season_0;11;-1
nba_2004-05_regular_season_0_1;11;-1
nba_2004-05_regular_season_0_1_2;12;-1
nba_2004-05_regular_season_0_1_2_3;10;-1
nba_2005-06_regular_season_0;11;-1
nba_2005-06_regular_season_0_1;12;-1
nba_2005-06_regular_season_0_1_2;10;-1
nba_2005-06_regular_season_0_1_2_3;12;-1
nba_2006-07_regular_season_0;12;-1
nba_2006-07_regular_season_0_1;12;-1
nba_2006-07_regular_season_0_1_2;1;-1
nba_2006-07_regular_season_0_1_2_3;1;-1
nba_2007-08_regular_season_0;11;-1
nba_2007-08_regular_season_0_1;8;-1
nba_2007-08_regular_season_0_1_2;11;-1
nba_2007-08_regular_season_0_1_2_3;11;-1
nba_2008-09_regular_season_0;10;-1
nba_2008-09_regular_season_0_1;10;-1
nba_2008-09_regular_season_0_1_2;9;-1
nba_2008-09_regular_season_0_1_2_3;12;-1
nba_2009-10_regular_season_0;9;-1
nba_2009-10_regular_season_0_1;1;-1
nba_2009-10_regular_season_0_1_2;9;-1
nba_2009-10_regular_season_0_1_2_3;9;-1
nba_2010-11_regular_season_0;10;-1
nba_2010-11_regular_season_0_1;12;-1
nba_2010-11_regular_season_0_1_2;12;-1
nba_2010-11_regular_season_0_1_2_3;11;-1
nba_2011-12_regular_season_0;12;-1
nba_2011-12_regular_season_0_1;12;-1
nba_2011-12_regular_season_0_1_2;11;-1
nba_2011-12_regular_season_0_1_2_3;12;-1
nba_2012-13_regular_season_0;12;-1
nba_2012-13_regular_season_0_1;10;-1
nba_2012-13_regular_season_0_1_2;11;-1
nba_2012-13_regular_season_0_1_2_3;11;-1
nba_2013-14_regular_season_0;11;-1
nba_2013-14_regular_season_0_1;10;-1
nba_2013-14_regular_season_0_1_2;11;-1
nba_2013-14_regular_season_0_1_2_3;10;-1
nba_2014-15_regular_season_0;10;-1
nba_2014-15_regular_season_0_1;1;-1
nba_2014-15_regular_season_0_1_2;1;-1
nba_2014-15_regular_season_0_1_2_3;1;-1
nba_2015-16_regular_season_0;11;-1
nba_2015-16_regular_season_0_1;1;-1
nba_2015-16_regular_season_0_1_2;9;-1
nba_2015-16_regular_season_0_1_2_3;10;-1
nba_2016-17_regular_season_0;11;-1
nba_2016-17_regular_season_0_1;10;-1
nba_2016-17_regular_season_0_1_2;12;-1
nba_2016-17_regular_season_0_1_2_3;11;-1
nba_2017-18_regular_season_0;12;-1
nba_2017-18_regular_season_0_1;10;-1
nba_2017-18_regular_season_0_1_2;11;-1
nba_2017-18_regular_season_0_1_2_3;12;-1
nba_2018-19_regular_season_0;8;-1
nba_2018-19_regular_season_0_1;6;-1
nba_2018-19_regular_season_0_1_2;1;-1
nba_2018-19_regular_season_0_1_2_3;11;-1
nba_2019-20_regular_season_0;10;-1
nba_2019-20_regular_season_0_1;11;-1
nba_2019-20_regular_season_0_1_2;11;-1
nba_2019-20_regular_season_0_1_2_3;11;-1
Sezon 2022_23wyniki_0;10;-1
Sezon 2022_23wyniki_0_1;12;-1
Sezon 2022_23wyniki_0_1_2;11;-1
Sezon 2022_23wyniki_0_1_2_3;11;-1
Sezon 2022_23Wyniki N_0;12;-1
Sezon 2022_23Wyniki N_0_1;12;-1
Sezon 2022_23Wyniki N_0_1_2;12;-1
Sezon 2022_23Wyniki N_0_1_2_3;12;-1
Sezon 2022_23Wyniki S_0;12;-1
Sezon 2022_23Wyniki S_0_1;12;-1
Sezon 2022_23Wyniki S_0_1_2;12;-1
Sezon 2022_23Wyniki S_0_1_2_3;12;-1
Sezon 2021_22wyniki_0;12;-1
Sezon 2021_22wyniki_0_1;12;-1
Sezon 2021_22wyniki_0_1_2;12;-1
Sezon 2021_22wyniki_0_1_2_3;12;-1
Sezon 2021_22Wyniki N_0;12;-1
Sezon 2021_22Wyniki N_0_1;12;-1
Sezon 2021_22Wyniki N_0_1_2;12;-1
Sezon 2021_22Wyniki N_0_1_2_3;12;-1
Sezon 2021_22Wyniki S_0;12;-1
Sezon 2021_22Wyniki S_0_1;12;-1
Sezon 2021_22Wyniki S_0_1_2;12;-1
Sezon 2021_22Wyniki S_0_1_2_3;12;-1
Sezon 2020_21wyniki_0;12;-1
Sezon 2020_21wyniki_0_1;12;-1
Sezon 2020_21wyniki_0_1_2;12;-1
Sezon 2020_21wyniki_0_1_2_3;12;-1
Sezon 2020_21Wyniki N_0;12;-1
Sezon 2020_21Wyniki N_0_1;12;-1
Sezon 2020_21Wyniki N_0_1_2;12;-1
Sezon 2020_21Wyniki N_0_1_2_3;12;-1
Sezon 2020_21Wyniki S_0;12;-1
Sezon 2020_21Wyniki S_0_1;12;-1
Sezon 2020_21Wyniki S_0_1_2;12;-1
Sezon 2020_21Wyniki S_0_1_2_3;12;-1
Sezon 2019_20wyniki_0;11;-1
Sezon 2019_20wyniki_0_1;12;-1
Sezon 2019_20wyniki_0_1_2;12;-1
Sezon 2019_20wyniki_0_1_2_3;12;-1
Sezon 2019_20Wyniki - N_0;11;-1
Sezon 2019_20Wyniki - N_0_1;11;-1
Sezon 2019_20Wyniki - N_0_1_2;11;-1
Sezon 2019_20Wyniki - N_0_1_2_3;12;-1
Sezon 2019_20Wyniki - S_0;12;-1
Sezon 2019_20Wyniki - S_0_1;12;-1
Sezon 2019_20Wyniki - S_0_1_2;12;-1
Sezon 2019_20Wyniki - S_0_1_2_3;12;-1
Sezon 2018_19wyniki_0;12;-1
Sezon 2018_19wyniki_0_1;12;-1
Sezon 2018_19wyniki_0_1_2;12;-1
Sezon 2018_19wyniki_0_1_2_3;12;-1
Sezon 2018_19Wyniki - N_0;12;-1
Sezon 2018_19Wyniki - N_0_1;12;-1
Sezon 2018_19Wyniki - N_0_1_2;12;-1
Sezon 2018_19Wyniki - N_0_1_2_3;12;-1
Sezon 2018_19Wyniki - S_0;12;-1
Sezon 2018_19Wyniki - S_0_1;12;-1
Sezon 2018_19Wyniki - S_0_1_2;12;-1
Sezon 2018_19Wyniki - S_0_1_2_3;12;-1
Sezon 2017_18Wyniki - N_0;12;-1
Sezon 2017_18Wyniki - N_0_1;12;-1
Sezon 2017_18Wyniki - N_0_1_2;12;-1
Sezon 2017_18Wyniki - N_0_1_2_3;11;-1
Sezon 2017_18Wyniki - S_0;11;-1
Sezon 2017_18Wyniki - S_0_1;12;-1
Sezon 2017_18Wyniki - S_0_1_2;12;-1
Sezon 2017_18Wyniki - S_0_1_2_3;12;-1
ordered_0;1;-1
rps_0;12;-1
o2rps_0;1;-1
o2rps_1;1;-1
o2rps_2;1;-1
o2rps_3;1;-1
o2rps_4;1;-1
o2rps_5;1;-1
o2rps_6;1;-1
o2rps_7;1;-1
o2rps_8;1;-1
rps2o_0;11;-1
rps2o_1;10;-1
rps2o_2;9;-1
rps2o_3;8;-1
rps2o_4;7;-1
rps2o_5;6;-1
rps2o_6;5;-1
rps2o_7;4;-1
rps2o_8;3;-1
