size;num_participants;culture_id;family_id;instance_type;color;marker;ms;alpha;show;label;path;params
500;8;nauty-simple;nauty-8;tournament;black;o;40;0.2;True;Nonisomorphic sample;{};{}
16;8;impartial_culture;Impartial Culture;ordinal;black;p;50;1;True;Impartial Culture;{};{'num_voters': '96'}
16;8;euclidean;Square;ordinal;royalblue;8;50;1;True;Square;{};{'num_voters': '96', 'dim': 2, 'space': 'uniform'}
16;8;euclidean;Cube;ordinal;blue;8;50;1;True;Cube;{};{'num_voters': '96', 'dim': 3, 'space': 'uniform'}
8;8;euclidean;5-Cube;ordinal;navy;8;50;1;True;5-Cube;{};{'num_voters': '96', 'dim': 5, 'space': 'uniform'}
8;8;euclidean;10-Cube;ordinal;navy;8;50;1;True;10-Cube;{};{'num_voters': '96', 'dim': 10, 'space': 'uniform'}
16;8;euclidean;Circle;ordinal;deeppink;8;50;1;True;Circle;{};{'num_voters': '96', 'dim': 2, 'space': 'sphere'}
16;8;euclidean;Sphere;ordinal;darkviolet;8;50;1;True;Sphere;{};{'num_voters': '96', 'dim': 3, 'space': 'sphere'}
48;8;urn;Urn;ordinal;orange;p;50;1;True;Urn;{};{'num_voters': '96'}
48;8;norm-mallows;Mallows;ordinal;darkred;p;50;1;True;Mallows;{};{'num_voters': '96'}
4;8;un_from_matrix;UN;ordinal;red;3;50;1;True;UN;{};{'num_voters': '96'}
11;8;anun_part;ANUN;ordinal;slateblue;3;50;1;True;ANUN;{'variable' : 'part_share'};{'num_voters': '96'}
5;8;o2rps ;o2rps;tournament;#50B400;x;70;1.0;True;Ordered$\rightarrow$RPS;{};{}
5;8;rps2o ;rps2o;tournament;orange;x;70;1.0;True;RPS$\rightarrow$Ordered;{};{}
1;8;ordered;ordered;tournament;blue;x;70;1.0;True;Ordered;{};{}
1;8;rock-paper-scissors ;rock-paper-scissors;tournament;red;x;70;1.0;True;Rock-Paper-Scissors;{};{}
