size;num_participants;culture_id;family_id;instance_type;color;marker;ms;alpha;show;label;path;params
50;25;uniform;uniform;tournament;teal;o;50;1.0;True;Uniform;{};{}
15;25;condorcet_noise;condorcet_noise_1;tournament;#4232a5;o;80;1.0;True;Condorcet noise ($0.10$);{};{'p':0.10}
15;25;condorcet_noise;condorcet_noise_7;tournament;#6a5ac3;o;65;1.0;True;Condorcet noise ($0.20$);{};{'p':0.20}
15;25;condorcet_noise;condorcet_noise_5;tournament;#9282e1;o;50;1.0;True;Condorcet noise ($0.30$);{};{'p':0.30}
15;25;condorcet_noise;condorcet_noise_3;tournament;#baaaff;o;35;1.0;True;Condorcet noise ($0.40$);{};{'p':0.40}
15;25;rand_pow_weighted;rand_pow;tournament;#DC98AD;s;70;1.0;True;Strength random ($\alpha^i$);{};{}
15;25;exp_weighted;exp;tournament;#28005f;^;80;1.0;True;Strength ($e^i$);{};{}
15;25;pow2_weighted;pow2;tournament;#4b2382;^;70;1.0;True;Strength ($2^i$);{};{}
15;25;lin_weighted;lin;tournament;#6e46a5;^;60;1.0;True;Strength ($i$);{};{}
15;25;log_weighted;log;tournament;#9169c8;^;50;1.0;True;Strength ($\log{i}$);{};{}
15;25;sqrt_weighted;sqrt;tournament;#b48ceb;^;40;1.0;True;Strength ($\sqrt{i}$);{};{}
22;25;o2rps ;o2rps;tournament;#50B400;x;80;1.0;True;Ordered$\rightarrow$RPS;{};{}
22;25;rps2o ;rps2o;tournament;orange;x;80;1.0;True;RPS$\rightarrow$Ordered;{};{}
1;25;ordered;ordered;tournament;blue;x;80;1.0;True;Ordered;{};{}
1;25;rps;rps;tournament;red;x;80;1.0;True;Rock-Paper-Scissors;{};{}
