{
    "ESKOM IT Warszawa": [
        "FIORI GIFTS Szczecin",
        "GTB ANDRZEJKI Gdańsk",
        "UKB KLEKS Szamotuły",
        "STARKA PAB Poznań",
        "SYNIS Opole",
        "BIN Aleksandrów Kujawski"
    ],
    "AUTOSTRADA EKSPLOATACJA & 2S MEDIA": [
        "ESKOM IT Warszawa",
        "DĄBRÓWKA NAUKABRYDZA.PL Poznań",
        "AD Szczecin",
        "UKB KLEKS Szamotuły",
        "STARKA PAB Poznań",
        "ERBUD SA KS AZS Wratislavia IX",
        "AZS Uniwersytet Zielonogórski",
        "SYNIS Opole",
        "STRACHOTA KS AZS Wratislavia VII WR"
    ],
    "PAB Szczecinek": [
        "ESKOM IT Warszawa",
        "FIORI GIFTS Szczecin",
        "GTB ANDRZEJKI Gdańsk",
        "AUTOSTRADA EKSPLOATACJA & 2S MEDIA",
        "DĄBRÓWKA NAUKABRYDZA.PL Poznań",
        "AD Szczecin",
        "KS KM IMPORT JAGIELLONKA Piła"
    ],
    "DĄBRÓWKA NAUKABRYDZA.PL Poznań": [
        "ESKOM IT Warszawa",
        "GTB ANDRZEJKI Gdańsk",
        "AD Szczecin",
        "UKB KLEKS Szamotuły",
        "SYNIS Opole",
        "TURBO FLY-BACK",
        "STRACHOTA KS AZS Wratislavia VII WR"
    ],
    "AD Szczecin": [
        "ESKOM IT Warszawa",
        "GTB ANDRZEJKI Gdańsk",
        "UKB KLEKS Szamotuły",
        "STARKA PAB Poznań",
        "SYNIS Opole",
        "TURBO FLY-BACK",
        "BIN Aleksandrów Kujawski"
    ],
    "KS KM IMPORT JAGIELLONKA Piła": [
        "ESKOM IT Warszawa",
        "FIORI GIFTS Szczecin",
        "AUTOSTRADA EKSPLOATACJA & 2S MEDIA",
        "DĄBRÓWKA NAUKABRYDZA.PL Poznań",
        "AD Szczecin",
        "UKB KLEKS Szamotuły",
        "STARKA PAB Poznań",
        "ERBUD SA KS AZS Wratislavia IX"
    ],
    "ERBUD SA KS AZS Wratislavia IX": [
        "ESKOM IT Warszawa",
        "FIORI GIFTS Szczecin",
        "PAB Szczecinek",
        "DĄBRÓWKA NAUKABRYDZA.PL Poznań",
        "AD Szczecin",
        "STARKA PAB Poznań"
    ],
    "INVENIO SZLEM Dzierżoniów": [
        "ESKOM IT Warszawa",
        "FIORI GIFTS Szczecin",
        "GTB ANDRZEJKI Gdańsk",
        "AUTOSTRADA EKSPLOATACJA & 2S MEDIA",
        "PAB Szczecinek",
        "DĄBRÓWKA NAUKABRYDZA.PL Poznań",
        "AD Szczecin",
        "STARKA PAB Poznań",
        "KS KM IMPORT JAGIELLONKA Piła",
        "ERBUD SA KS AZS Wratislavia IX"
    ],
    "AZS Uniwersytet Zielonogórski": [
        "ESKOM IT Warszawa",
        "FIORI GIFTS Szczecin",
        "PAB Szczecinek",
        "DĄBRÓWKA NAUKABRYDZA.PL Poznań",
        "AD Szczecin",
        "KS KM IMPORT JAGIELLONKA Piła",
        "ERBUD SA KS AZS Wratislavia IX",
        "INVENIO SZLEM Dzierżoniów",
        "BIN Aleksandrów Kujawski"
    ],
    "TURBO FLY-BACK": [
        "ESKOM IT Warszawa",
        "FIORI GIFTS Szczecin",
        "GTB ANDRZEJKI Gdańsk",
        "AUTOSTRADA EKSPLOATACJA & 2S MEDIA",
        "PAB Szczecinek",
        "UKB KLEKS Szamotuły",
        "STARKA PAB Poznań",
        "KS KM IMPORT JAGIELLONKA Piła",
        "ERBUD SA KS AZS Wratislavia IX",
        "INVENIO SZLEM Dzierżoniów",
        "AZS Uniwersytet Zielonogórski",
        "EKO-TECH JANTAR Toruń",
        "BIN Aleksandrów Kujawski"
    ],
    "EKO-TECH JANTAR Toruń": [
        "ESKOM IT Warszawa",
        "GTB ANDRZEJKI Gdańsk",
        "AUTOSTRADA EKSPLOATACJA & 2S MEDIA",
        "PAB Szczecinek",
        "DĄBRÓWKA NAUKABRYDZA.PL Poznań",
        "AD Szczecin",
        "STARKA PAB Poznań",
        "KS KM IMPORT JAGIELLONKA Piła",
        "ERBUD SA KS AZS Wratislavia IX",
        "INVENIO SZLEM Dzierżoniów",
        "AZS Uniwersytet Zielonogórski",
        "SYNIS Opole",
        "BIN Aleksandrów Kujawski",
        "STRACHOTA KS AZS Wratislavia VII WR"
    ],
    "STRACHOTA KS AZS Wratislavia VII WR": [
        "ESKOM IT Warszawa",
        "FIORI GIFTS Szczecin",
        "GTB ANDRZEJKI Gdańsk",
        "PAB Szczecinek",
        "AD Szczecin",
        "UKB KLEKS Szamotuły",
        "STARKA PAB Poznań",
        "KS KM IMPORT JAGIELLONKA Piła",
        "ERBUD SA KS AZS Wratislavia IX",
        "INVENIO SZLEM Dzierżoniów",
        "AZS Uniwersytet Zielonogórski",
        "TURBO FLY-BACK",
        "BIN Aleksandrów Kujawski"
    ],
    "GTB ANDRZEJKI Gdańsk": [
        "FIORI GIFTS Szczecin",
        "AUTOSTRADA EKSPLOATACJA & 2S MEDIA",
        "UKB KLEKS Szamotuły",
        "STARKA PAB Poznań",
        "KS KM IMPORT JAGIELLONKA Piła",
        "ERBUD SA KS AZS Wratislavia IX",
        "AZS Uniwersytet Zielonogórski",
        "SYNIS Opole"
    ],
    "FIORI GIFTS Szczecin": [
        "AUTOSTRADA EKSPLOATACJA & 2S MEDIA",
        "DĄBRÓWKA NAUKABRYDZA.PL Poznań",
        "AD Szczecin",
        "STARKA PAB Poznań",
        "EKO-TECH JANTAR Toruń"
    ],
    "UKB KLEKS Szamotuły": [
        "FIORI GIFTS Szczecin",
        "PAB Szczecinek",
        "ERBUD SA KS AZS Wratislavia IX",
        "INVENIO SZLEM Dzierżoniów",
        "AZS Uniwersytet Zielonogórski",
        "EKO-TECH JANTAR Toruń"
    ],
    "SYNIS Opole": [
        "FIORI GIFTS Szczecin",
        "PAB Szczecinek",
        "UKB KLEKS Szamotuły",
        "KS KM IMPORT JAGIELLONKA Piła",
        "ERBUD SA KS AZS Wratislavia IX",
        "INVENIO SZLEM Dzierżoniów",
        "AZS Uniwersytet Zielonogórski",
        "TURBO FLY-BACK",
        "STRACHOTA KS AZS Wratislavia VII WR"
    ],
    "BIN Aleksandrów Kujawski": [
        "FIORI GIFTS Szczecin",
        "GTB ANDRZEJKI Gdańsk",
        "AUTOSTRADA EKSPLOATACJA & 2S MEDIA",
        "PAB Szczecinek",
        "DĄBRÓWKA NAUKABRYDZA.PL Poznań",
        "UKB KLEKS Szamotuły",
        "KS KM IMPORT JAGIELLONKA Piła",
        "ERBUD SA KS AZS Wratislavia IX",
        "INVENIO SZLEM Dzierżoniów",
        "SYNIS Opole"
    ],
    "STARKA PAB Poznań": [
        "PAB Szczecinek",
        "DĄBRÓWKA NAUKABRYDZA.PL Poznań",
        "UKB KLEKS Szamotuły",
        "AZS Uniwersytet Zielonogórski",
        "SYNIS Opole",
        "BIN Aleksandrów Kujawski"
    ]
}