{
    "Szkoła Brydża Szlem Gdańsk": [
        "BRIDGESCANNER KS AZS Wratislavia I WR",
        "SYNIS VALUE MEDIA OPOLE",
        "SPS CONSTRUCTION Kielce",
        "TB Silesia I Gliwice",
        "LKS Kasztelan Konkret Chełmno",
        "Objectivity KS AZS Wratislavia III WR",
        "GTB ANDRZEJKI Gdańsk",
        "Agilero Piast Skawina",
        "Bridge24.pl 2.",
        "ZweryfikujFirmę.pl - AZS UW"
    ],
    "SYNIS VALUE MEDIA OPOLE": [
        "BRIDGESCANNER KS AZS Wratislavia I WR",
        "AGENA Development Bridge24.pl",
        "SPS CONSTRUCTION Kielce",
        "ESBS VITAS Elbląg",
        "LKS Kasztelan Konkret Chełmno",
        "Objectivity KS AZS Wratislavia III WR",
        "Agilero Piast Skawina",
        "ZweryfikujFirmę.pl - AZS UW"
    ],
    "AGENA Development Bridge24.pl": [
        "BRIDGESCANNER KS AZS Wratislavia I WR",
        "Szkoła Brydża Szlem Gdańsk",
        "SPS CONSTRUCTION Kielce",
        "ESBS VITAS Elbląg",
        "TB Silesia I Gliwice",
        "SYNERGIA ILANKA"
    ],
    "SPS CONSTRUCTION Kielce": [
        "BRIDGESCANNER KS AZS Wratislavia I WR",
        "TB Silesia I Gliwice",
        "Akademia Brydża AZS UW Warszawa",
        "Objectivity KS AZS Wratislavia III WR",
        "Agilero Piast Skawina",
        "ZweryfikujFirmę.pl - AZS UW"
    ],
    "ESBS VITAS Elbląg": [
        "BRIDGESCANNER KS AZS Wratislavia I WR",
        "Szkoła Brydża Szlem Gdańsk",
        "SPS CONSTRUCTION Kielce",
        "TB Silesia I Gliwice",
        "LKS Kasztelan Konkret Chełmno",
        "SYNERGIA ILANKA",
        "Bridge24.pl 2.",
        "ZweryfikujFirmę.pl - AZS UW"
    ],
    "BRIDGESCANNER KS AZS Wratislavia I WR": [
        "TB Silesia I Gliwice",
        "SYNERGIA ILANKA",
        "Agilero Piast Skawina",
        "Bridge24.pl 2.",
        "ZweryfikujFirmę.pl - AZS UW"
    ],
    "LKS Kasztelan Konkret Chełmno": [
        "BRIDGESCANNER KS AZS Wratislavia I WR",
        "AGENA Development Bridge24.pl",
        "SPS CONSTRUCTION Kielce",
        "Akademia Brydża AZS UW Warszawa",
        "ŁĄCZNOŚĆ Olsztyn",
        "Objectivity KS AZS Wratislavia III WR",
        "SYNERGIA ILANKA"
    ],
    "Akademia Brydża AZS UW Warszawa": [
        "BRIDGESCANNER KS AZS Wratislavia I WR",
        "Szkoła Brydża Szlem Gdańsk",
        "SYNIS VALUE MEDIA OPOLE",
        "AGENA Development Bridge24.pl",
        "ESBS VITAS Elbląg",
        "TB Silesia I Gliwice",
        "GTB ANDRZEJKI Gdańsk",
        "ZweryfikujFirmę.pl - AZS UW"
    ],
    "ŁĄCZNOŚĆ Olsztyn": [
        "BRIDGESCANNER KS AZS Wratislavia I WR",
        "Szkoła Brydża Szlem Gdańsk",
        "SYNIS VALUE MEDIA OPOLE",
        "AGENA Development Bridge24.pl",
        "SPS CONSTRUCTION Kielce",
        "ESBS VITAS Elbląg",
        "Akademia Brydża AZS UW Warszawa",
        "Objectivity KS AZS Wratislavia III WR",
        "SYNERGIA ILANKA",
        "ZweryfikujFirmę.pl - AZS UW"
    ],
    "Objectivity KS AZS Wratislavia III WR": [
        "BRIDGESCANNER KS AZS Wratislavia I WR",
        "AGENA Development Bridge24.pl",
        "ESBS VITAS Elbląg",
        "Akademia Brydża AZS UW Warszawa",
        "GTB ANDRZEJKI Gdańsk",
        "Bridge24.pl 2."
    ],
    "GTB ANDRZEJKI Gdańsk": [
        "BRIDGESCANNER KS AZS Wratislavia I WR",
        "SYNIS VALUE MEDIA OPOLE",
        "AGENA Development Bridge24.pl",
        "SPS CONSTRUCTION Kielce",
        "ESBS VITAS Elbląg",
        "TB Silesia I Gliwice",
        "LKS Kasztelan Konkret Chełmno",
        "ŁĄCZNOŚĆ Olsztyn",
        "SYNERGIA ILANKA",
        "Agilero Piast Skawina",
        "Bridge24.pl 2."
    ],
    "SYNERGIA ILANKA": [
        "Szkoła Brydża Szlem Gdańsk",
        "SYNIS VALUE MEDIA OPOLE",
        "SPS CONSTRUCTION Kielce",
        "TB Silesia I Gliwice",
        "Akademia Brydża AZS UW Warszawa",
        "Objectivity KS AZS Wratislavia III WR",
        "ZweryfikujFirmę.pl - AZS UW"
    ],
    "TB Silesia I Gliwice": [
        "SYNIS VALUE MEDIA OPOLE",
        "LKS Kasztelan Konkret Chełmno",
        "ŁĄCZNOŚĆ Olsztyn",
        "Objectivity KS AZS Wratislavia III WR",
        "Bridge24.pl 2.",
        "ZweryfikujFirmę.pl - AZS UW"
    ],
    "Bridge24.pl 2.": [
        "SYNIS VALUE MEDIA OPOLE",
        "AGENA Development Bridge24.pl",
        "SPS CONSTRUCTION Kielce",
        "LKS Kasztelan Konkret Chełmno",
        "Akademia Brydża AZS UW Warszawa",
        "ŁĄCZNOŚĆ Olsztyn",
        "SYNERGIA ILANKA"
    ],
    "Agilero Piast Skawina": [
        "AGENA Development Bridge24.pl",
        "ESBS VITAS Elbląg",
        "TB Silesia I Gliwice",
        "LKS Kasztelan Konkret Chełmno",
        "Akademia Brydża AZS UW Warszawa",
        "ŁĄCZNOŚĆ Olsztyn",
        "Objectivity KS AZS Wratislavia III WR",
        "SYNERGIA ILANKA",
        "Bridge24.pl 2."
    ],
    "ZweryfikujFirmę.pl - AZS UW": [
        "AGENA Development Bridge24.pl",
        "LKS Kasztelan Konkret Chełmno",
        "Objectivity KS AZS Wratislavia III WR",
        "GTB ANDRZEJKI Gdańsk",
        "Agilero Piast Skawina",
        "Bridge24.pl 2."
    ]
}