{
    "GOLDBECK COMFORT SA AZS Wratislavia IV": [
        "TRANSFER PAB Poznań",
        "DĄBRÓWKA NAUKABRYDZA.PL Poznań",
        "GTB SDK Tczew",
        "AD Szczecin",
        "INVENIO SZLEM Dzierżoniów",
        "STARKA PAB Poznań",
        "STRACHOTA KS AZS Wratislavia VII WR",
        "UNIA WINKHAUS Leszno",
        "FIORI GIFTS GCKiB Dobra Szczecińska",
        "KŁODAWKA KART-EL Gorzów Wlkp",
        "ANNEBERG Zielona Góra - I Love Bridge"
    ],
    "DĄBRÓWKA NAUKABRYDZA.PL Poznań": [
        "TRANSFER PAB Poznań",
        "GTB SDK Tczew",
        "UKB KLEKS Szamotuły",
        "AD Szczecin",
        "ERBUD SA KS AZS Wratislavia IX",
        "INVENIO SZLEM Dzierżoniów",
        "UNIA WINKHAUS Leszno",
        "KŁODAWKA KART-EL Gorzów Wlkp",
        "ANNEBERG Zielona Góra - I Love Bridge"
    ],
    "GTB SDK Tczew": [
        "TRANSFER PAB Poznań",
        "UKB KLEKS Szamotuły",
        "EKO-TECH JANTAR Toruń",
        "INVENIO SZLEM Dzierżoniów",
        "STRACHOTA KS AZS Wratislavia VII WR",
        "ANNEBERG Zielona Góra - I Love Bridge"
    ],
    "UKB KLEKS Szamotuły": [
        "TRANSFER PAB Poznań",
        "GOLDBECK COMFORT SA AZS Wratislavia IV",
        "EKO-TECH JANTAR Toruń",
        "ERBUD SA KS AZS Wratislavia IX",
        "UNIA WINKHAUS Leszno",
        "FIORI GIFTS GCKiB Dobra Szczecińska",
        "KŁODAWKA KART-EL Gorzów Wlkp"
    ],
    "TRANSFER PAB Poznań": [
        "EKO-TECH JANTAR Toruń",
        "AD Szczecin",
        "STRACHOTA KS AZS Wratislavia VII WR",
        "FIORI GIFTS GCKiB Dobra Szczecińska"
    ],
    "AZS Uniwersytet Zielonogórski": [
        "TRANSFER PAB Poznań",
        "GOLDBECK COMFORT SA AZS Wratislavia IV",
        "DĄBRÓWKA NAUKABRYDZA.PL Poznań",
        "GTB SDK Tczew",
        "UKB KLEKS Szamotuły",
        "AD Szczecin",
        "ERBUD SA KS AZS Wratislavia IX",
        "UNIA WINKHAUS Leszno"
    ],
    "ERBUD SA KS AZS Wratislavia IX": [
        "TRANSFER PAB Poznań",
        "GOLDBECK COMFORT SA AZS Wratislavia IV",
        "GTB SDK Tczew",
        "EKO-TECH JANTAR Toruń",
        "AD Szczecin",
        "STARKA PAB Poznań",
        "STRACHOTA KS AZS Wratislavia VII WR",
        "KŁODAWKA KART-EL Gorzów Wlkp"
    ],
    "INVENIO SZLEM Dzierżoniów": [
        "TRANSFER PAB Poznań",
        "UKB KLEKS Szamotuły",
        "AZS Uniwersytet Zielonogórski",
        "ERBUD SA KS AZS Wratislavia IX",
        "STARKA PAB Poznań",
        "STRACHOTA KS AZS Wratislavia VII WR",
        "FIORI GIFTS GCKiB Dobra Szczecińska"
    ],
    "STARKA PAB Poznań": [
        "TRANSFER PAB Poznań",
        "DĄBRÓWKA NAUKABRYDZA.PL Poznań",
        "GTB SDK Tczew",
        "UKB KLEKS Szamotuły",
        "AZS Uniwersytet Zielonogórski",
        "FIORI GIFTS GCKiB Dobra Szczecińska"
    ],
    "UNIA WINKHAUS Leszno": [
        "TRANSFER PAB Poznań",
        "GTB SDK Tczew",
        "ERBUD SA KS AZS Wratislavia IX",
        "INVENIO SZLEM Dzierżoniów",
        "STARKA PAB Poznań",
        "STRACHOTA KS AZS Wratislavia VII WR",
        "FIORI GIFTS GCKiB Dobra Szczecińska"
    ],
    "KŁODAWKA KART-EL Gorzów Wlkp": [
        "TRANSFER PAB Poznań",
        "GTB SDK Tczew",
        "EKO-TECH JANTAR Toruń",
        "AZS Uniwersytet Zielonogórski",
        "INVENIO SZLEM Dzierżoniów",
        "STARKA PAB Poznań",
        "STRACHOTA KS AZS Wratislavia VII WR",
        "UNIA WINKHAUS Leszno"
    ],
    "ANNEBERG Zielona Góra - I Love Bridge": [
        "TRANSFER PAB Poznań",
        "UKB KLEKS Szamotuły",
        "EKO-TECH JANTAR Toruń",
        "AZS Uniwersytet Zielonogórski",
        "AD Szczecin",
        "ERBUD SA KS AZS Wratislavia IX",
        "INVENIO SZLEM Dzierżoniów",
        "STARKA PAB Poznań",
        "STRACHOTA KS AZS Wratislavia VII WR",
        "UNIA WINKHAUS Leszno",
        "KŁODAWKA KART-EL Gorzów Wlkp"
    ],
    "EKO-TECH JANTAR Toruń": [
        "GOLDBECK COMFORT SA AZS Wratislavia IV",
        "DĄBRÓWKA NAUKABRYDZA.PL Poznań",
        "AZS Uniwersytet Zielonogórski",
        "AD Szczecin",
        "INVENIO SZLEM Dzierżoniów",
        "STARKA PAB Poznań",
        "UNIA WINKHAUS Leszno"
    ],
    "STRACHOTA KS AZS Wratislavia VII WR": [
        "DĄBRÓWKA NAUKABRYDZA.PL Poznań",
        "UKB KLEKS Szamotuły",
        "EKO-TECH JANTAR Toruń",
        "AZS Uniwersytet Zielonogórski",
        "AD Szczecin",
        "STARKA PAB Poznań",
        "FIORI GIFTS GCKiB Dobra Szczecińska"
    ],
    "FIORI GIFTS GCKiB Dobra Szczecińska": [
        "DĄBRÓWKA NAUKABRYDZA.PL Poznań",
        "GTB SDK Tczew",
        "EKO-TECH JANTAR Toruń",
        "AZS Uniwersytet Zielonogórski",
        "ERBUD SA KS AZS Wratislavia IX",
        "KŁODAWKA KART-EL Gorzów Wlkp",
        "ANNEBERG Zielona Góra - I Love Bridge"
    ],
    "AD Szczecin": [
        "GTB SDK Tczew",
        "UKB KLEKS Szamotuły",
        "INVENIO SZLEM Dzierżoniów",
        "STARKA PAB Poznań",
        "UNIA WINKHAUS Leszno",
        "FIORI GIFTS GCKiB Dobra Szczecińska",
        "KŁODAWKA KART-EL Gorzów Wlkp"
    ]
}