{
    "DIEBOLD NIXDORF CRACOVIA": [
        "ELEKTROMONTAŻ Rzeszów",
        "INWIT Pabianice",
        "MAGMA Zawiercie",
        "POMTECH Zwoleń",
        "HOTEL SENATOR Starachowice",
        "MTS PIAST Skawina",
        "HEFAJSTOS Otwock",
        "CONSUS ALK - Spójnia Warszawa"
    ],
    "Bridge24.pl 2": [
        "ELEKTROMONTAŻ Rzeszów",
        "DIEBOLD NIXDORF CRACOVIA",
        "INWIT Pabianice",
        "ETB PRIM Ełk",
        "ZweryfikujFirmę.pl - AZS UW",
        "SPÓJNIA BENEXT Kalisz"
    ],
    "ELEKTROMONTAŻ Rzeszów": [
        "CZARNA PAPUGA Zwierzyniec Kraków",
        "MAGMA Zawiercie"
    ],
    "INWIT Pabianice": [
        "ELEKTROMONTAŻ Rzeszów",
        "CZARNA PAPUGA Zwierzyniec Kraków",
        "ZweryfikujFirmę.pl - AZS UW",
        "POMTECH Zwoleń",
        "LESKOWIEC Wadowice-BESKID Andrychów",
        "HOTEL SENATOR Starachowice",
        "SPÓJNIA BENEXT Kalisz",
        "CONSUS ALK - Spójnia Warszawa"
    ],
    "ETB PRIM Ełk": [
        "ELEKTROMONTAŻ Rzeszów",
        "DIEBOLD NIXDORF CRACOVIA",
        "CZARNA PAPUGA Zwierzyniec Kraków",
        "INWIT Pabianice",
        "MAGMA Zawiercie",
        "POMTECH Zwoleń",
        "LESKOWIEC Wadowice-BESKID Andrychów",
        "HOTEL SENATOR Starachowice",
        "SPÓJNIA BENEXT Kalisz",
        "MTS PIAST Skawina",
        "CONSUS ALK - Spójnia Warszawa"
    ],
    "ZweryfikujFirmę.pl - AZS UW": [
        "ELEKTROMONTAŻ Rzeszów",
        "DIEBOLD NIXDORF CRACOVIA",
        "MAGMA Zawiercie",
        "ETB PRIM Ełk",
        "MILO Kraków",
        "POMTECH Zwoleń",
        "LESKOWIEC Wadowice-BESKID Andrychów",
        "HEFAJSTOS Otwock",
        "CONSUS ALK - Spójnia Warszawa"
    ],
    "MILO Kraków": [
        "ELEKTROMONTAŻ Rzeszów",
        "DIEBOLD NIXDORF CRACOVIA",
        "Bridge24.pl 2",
        "INWIT Pabianice",
        "ETB PRIM Ełk",
        "LESKOWIEC Wadowice-BESKID Andrychów",
        "HOTEL SENATOR Starachowice",
        "MTS PIAST Skawina",
        "HEFAJSTOS Otwock"
    ],
    "POMTECH Zwoleń": [
        "ELEKTROMONTAŻ Rzeszów",
        "Bridge24.pl 2",
        "MAGMA Zawiercie",
        "MILO Kraków",
        "LESKOWIEC Wadowice-BESKID Andrychów",
        "SPÓJNIA BENEXT Kalisz",
        "HEFAJSTOS Otwock"
    ],
    "LESKOWIEC Wadowice-BESKID Andrychów": [
        "ELEKTROMONTAŻ Rzeszów",
        "DIEBOLD NIXDORF CRACOVIA",
        "Bridge24.pl 2",
        "MAGMA Zawiercie",
        "MTS PIAST Skawina",
        "HEFAJSTOS Otwock"
    ],
    "HOTEL SENATOR Starachowice": [
        "ELEKTROMONTAŻ Rzeszów",
        "Bridge24.pl 2",
        "MAGMA Zawiercie",
        "ZweryfikujFirmę.pl - AZS UW",
        "POMTECH Zwoleń",
        "LESKOWIEC Wadowice-BESKID Andrychów",
        "SPÓJNIA BENEXT Kalisz",
        "MTS PIAST Skawina"
    ],
    "SPÓJNIA BENEXT Kalisz": [
        "ELEKTROMONTAŻ Rzeszów",
        "DIEBOLD NIXDORF CRACOVIA",
        "CZARNA PAPUGA Zwierzyniec Kraków",
        "ZweryfikujFirmę.pl - AZS UW",
        "MILO Kraków",
        "LESKOWIEC Wadowice-BESKID Andrychów"
    ],
    "MTS PIAST Skawina": [
        "ELEKTROMONTAŻ Rzeszów",
        "Bridge24.pl 2",
        "CZARNA PAPUGA Zwierzyniec Kraków",
        "INWIT Pabianice",
        "MAGMA Zawiercie",
        "ZweryfikujFirmę.pl - AZS UW",
        "POMTECH Zwoleń",
        "SPÓJNIA BENEXT Kalisz",
        "HEFAJSTOS Otwock",
        "CONSUS ALK - Spójnia Warszawa"
    ],
    "HEFAJSTOS Otwock": [
        "ELEKTROMONTAŻ Rzeszów",
        "Bridge24.pl 2",
        "INWIT Pabianice",
        "ETB PRIM Ełk",
        "HOTEL SENATOR Starachowice",
        "SPÓJNIA BENEXT Kalisz"
    ],
    "CONSUS ALK - Spójnia Warszawa": [
        "ELEKTROMONTAŻ Rzeszów",
        "Bridge24.pl 2",
        "MAGMA Zawiercie",
        "MILO Kraków",
        "POMTECH Zwoleń",
        "LESKOWIEC Wadowice-BESKID Andrychów",
        "HOTEL SENATOR Starachowice",
        "SPÓJNIA BENEXT Kalisz",
        "HEFAJSTOS Otwock"
    ],
    "CZARNA PAPUGA Zwierzyniec Kraków": [
        "DIEBOLD NIXDORF CRACOVIA",
        "Bridge24.pl 2",
        "MAGMA Zawiercie",
        "ZweryfikujFirmę.pl - AZS UW",
        "MILO Kraków",
        "POMTECH Zwoleń",
        "LESKOWIEC Wadowice-BESKID Andrychów",
        "HOTEL SENATOR Starachowice",
        "HEFAJSTOS Otwock",
        "CONSUS ALK - Spójnia Warszawa"
    ],
    "MAGMA Zawiercie": [
        "Bridge24.pl 2",
        "INWIT Pabianice",
        "MILO Kraków",
        "SPÓJNIA BENEXT Kalisz",
        "HEFAJSTOS Otwock"
    ]
}