{
    "Bridge24.pl 2": [
        "ZweryfikujFirmę.pl AZS UW Warszawa",
        "Akademia Brydża AZS UW Piast Warszawa",
        "ETB Ełk",
        "INWIT Pabianice",
        "ZIELONY Waluta Lokalna Starachowice",
        "SPS EKO-RÓŻANKA",
        "KKBS Czarna Papuga Zwierzyniec Kraków",
        "BSBS II Bielsko-Biała",
        "STB BC SUDOVIA INTERNATIONAL"
    ],
    "MKS MAZOVIA Mińsk Mazowiecki": [
        "ZweryfikujFirmę.pl AZS UW Warszawa",
        "Bridge24.pl 2",
        "KDK I Kutno",
        "ETB Ełk",
        "INWIT Pabianice",
        "ZIELONY Waluta Lokalna Starachowice",
        "JKBS Jastrzębie Zdrój"
    ],
    "KDK I Kutno": [
        "ZweryfikujFirmę.pl AZS UW Warszawa",
        "Bridge24.pl 2",
        "TBS MAGMA Zawiercie",
        "ETB Ełk",
        "ZIELONY Waluta Lokalna Starachowice",
        "SPS EKO-RÓŻANKA",
        "LESKOWIEC Wadowice-BESKID Andrychów",
        "BSBS II Bielsko-Biała",
        "STB BC SUDOVIA INTERNATIONAL",
        "JKBS Jastrzębie Zdrój"
    ],
    "ZweryfikujFirmę.pl AZS UW Warszawa": [
        "TBS MAGMA Zawiercie",
        "Akademia Brydża AZS UW Piast Warszawa",
        "TS Wisła - MILO Kraków",
        "BSBS II Bielsko-Biała"
    ],
    "ETB Ełk": [
        "ZweryfikujFirmę.pl AZS UW Warszawa",
        "Akademia Brydża AZS UW Piast Warszawa",
        "INWIT Pabianice",
        "LESKOWIEC Wadowice-BESKID Andrychów",
        "KKBS Czarna Papuga Zwierzyniec Kraków",
        "BSBS II Bielsko-Biała",
        "JKBS Jastrzębie Zdrój"
    ],
    "INWIT Pabianice": [
        "ZweryfikujFirmę.pl AZS UW Warszawa",
        "KDK I Kutno",
        "Akademia Brydża AZS UW Piast Warszawa",
        "ZIELONY Waluta Lokalna Starachowice",
        "SPS EKO-RÓŻANKA",
        "TS Wisła - MILO Kraków",
        "JKBS Jastrzębie Zdrój"
    ],
    "ZIELONY Waluta Lokalna Starachowice": [
        "ZweryfikujFirmę.pl AZS UW Warszawa",
        "TBS MAGMA Zawiercie",
        "Akademia Brydża AZS UW Piast Warszawa",
        "ETB Ełk",
        "TS Wisła - MILO Kraków",
        "LESKOWIEC Wadowice-BESKID Andrychów",
        "BSBS II Bielsko-Biała",
        "JKBS Jastrzębie Zdrój"
    ],
    "SPS EKO-RÓŻANKA": [
        "ZweryfikujFirmę.pl AZS UW Warszawa",
        "MKS MAZOVIA Mińsk Mazowiecki",
        "TBS MAGMA Zawiercie",
        "Akademia Brydża AZS UW Piast Warszawa",
        "ETB Ełk",
        "ZIELONY Waluta Lokalna Starachowice",
        "LESKOWIEC Wadowice-BESKID Andrychów"
    ],
    "LESKOWIEC Wadowice-BESKID Andrychów": [
        "ZweryfikujFirmę.pl AZS UW Warszawa",
        "Bridge24.pl 2",
        "MKS MAZOVIA Mińsk Mazowiecki",
        "TBS MAGMA Zawiercie",
        "INWIT Pabianice",
        "KKBS Czarna Papuga Zwierzyniec Kraków",
        "BSBS II Bielsko-Biała",
        "JKBS Jastrzębie Zdrój"
    ],
    "KKBS Czarna Papuga Zwierzyniec Kraków": [
        "ZweryfikujFirmę.pl AZS UW Warszawa",
        "MKS MAZOVIA Mińsk Mazowiecki",
        "KDK I Kutno",
        "TBS MAGMA Zawiercie",
        "Akademia Brydża AZS UW Piast Warszawa",
        "INWIT Pabianice",
        "ZIELONY Waluta Lokalna Starachowice",
        "SPS EKO-RÓŻANKA",
        "TS Wisła - MILO Kraków",
        "BSBS II Bielsko-Biała"
    ],
    "STB BC SUDOVIA INTERNATIONAL": [
        "ZweryfikujFirmę.pl AZS UW Warszawa",
        "MKS MAZOVIA Mińsk Mazowiecki",
        "TBS MAGMA Zawiercie",
        "ETB Ełk",
        "INWIT Pabianice",
        "ZIELONY Waluta Lokalna Starachowice",
        "SPS EKO-RÓŻANKA",
        "TS Wisła - MILO Kraków",
        "LESKOWIEC Wadowice-BESKID Andrychów",
        "KKBS Czarna Papuga Zwierzyniec Kraków"
    ],
    "JKBS Jastrzębie Zdrój": [
        "ZweryfikujFirmę.pl AZS UW Warszawa",
        "Bridge24.pl 2",
        "TBS MAGMA Zawiercie",
        "Akademia Brydża AZS UW Piast Warszawa",
        "SPS EKO-RÓŻANKA",
        "TS Wisła - MILO Kraków",
        "KKBS Czarna Papuga Zwierzyniec Kraków",
        "BSBS II Bielsko-Biała",
        "STB BC SUDOVIA INTERNATIONAL"
    ],
    "TBS MAGMA Zawiercie": [
        "Bridge24.pl 2",
        "MKS MAZOVIA Mińsk Mazowiecki",
        "ETB Ełk",
        "INWIT Pabianice",
        "TS Wisła - MILO Kraków",
        "BSBS II Bielsko-Biała"
    ],
    "TS Wisła - MILO Kraków": [
        "Bridge24.pl 2",
        "MKS MAZOVIA Mińsk Mazowiecki",
        "KDK I Kutno",
        "Akademia Brydża AZS UW Piast Warszawa",
        "ETB Ełk",
        "SPS EKO-RÓŻANKA",
        "LESKOWIEC Wadowice-BESKID Andrychów"
    ],
    "Akademia Brydża AZS UW Piast Warszawa": [
        "MKS MAZOVIA Mińsk Mazowiecki",
        "KDK I Kutno",
        "TBS MAGMA Zawiercie",
        "LESKOWIEC Wadowice-BESKID Andrychów",
        "BSBS II Bielsko-Biała",
        "STB BC SUDOVIA INTERNATIONAL"
    ],
    "BSBS II Bielsko-Biała": [
        "MKS MAZOVIA Mińsk Mazowiecki",
        "INWIT Pabianice",
        "SPS EKO-RÓŻANKA",
        "TS Wisła - MILO Kraków",
        "STB BC SUDOVIA INTERNATIONAL"
    ]
}