{
    "Objectivity KS AZS Wratislavia III WR": [
        "LKS KASZTELAN KONKRET Chełmno",
        "GOLDBECK COMFORT SA AZS Wratislavia IV",
        "DĄBRÓWKA NAUKABRYDZA.PL Poznań",
        "Invenio Szlem Dzierżoniów",
        "Elbud AZS US Szczecin",
        "Bluerefrigeration KS AZS Wratislavia II"
    ],
    "UKB Kleks Szamotuły": [
        "Objectivity KS AZS Wratislavia III WR",
        "Laser DeLux Łódź",
        "Taurus PAB",
        "KS KM IMPORT JAGIELLONKA PIŁA"
    ],
    "FIORI GIFTS Szczecinek": [
        "Objectivity KS AZS Wratislavia III WR",
        "UKB Kleks Szamotuły",
        "DĄBRÓWKA NAUKABRYDZA.PL Poznań",
        "SYNIS OPOLE",
        "Elbud AZS US Szczecin",
        "Bluerefrigeration KS AZS Wratislavia II",
        "KS KM IMPORT JAGIELLONKA PIŁA",
        "KONTRA Koszalin"
    ],
    "SYNIS OPOLE": [
        "Objectivity KS AZS Wratislavia III WR",
        "LKS KASZTELAN KONKRET Chełmno",
        "UKB Kleks Szamotuły",
        "PKB KART-El Gorzów Wlkp.",
        "Taurus PAB",
        "Bluerefrigeration KS AZS Wratislavia II",
        "Erbud KS AZS Wratislavia IX WR"
    ],
    "PKB KART-El Gorzów Wlkp.": [
        "Objectivity KS AZS Wratislavia III WR",
        "UKB Kleks Szamotuły",
        "FIORI GIFTS Szczecinek",
        "GOLDBECK COMFORT SA AZS Wratislavia IV",
        "DĄBRÓWKA NAUKABRYDZA.PL Poznań",
        "Invenio Szlem Dzierżoniów",
        "Laser DeLux Łódź",
        "Erbud KS AZS Wratislavia IX WR"
    ],
    "Laser DeLux Łódź": [
        "Objectivity KS AZS Wratislavia III WR",
        "FIORI GIFTS Szczecinek",
        "GOLDBECK COMFORT SA AZS Wratislavia IV",
        "SYNIS OPOLE",
        "Invenio Szlem Dzierżoniów",
        "Taurus PAB",
        "KS KM IMPORT JAGIELLONKA PIŁA"
    ],
    "Taurus PAB": [
        "Objectivity KS AZS Wratislavia III WR",
        "LKS KASZTELAN KONKRET Chełmno",
        "FIORI GIFTS Szczecinek",
        "Invenio Szlem Dzierżoniów",
        "PKB KART-El Gorzów Wlkp.",
        "Elbud AZS US Szczecin",
        "Erbud KS AZS Wratislavia IX WR",
        "KS KM IMPORT JAGIELLONKA PIŁA"
    ],
    "Erbud KS AZS Wratislavia IX WR": [
        "Objectivity KS AZS Wratislavia III WR",
        "LKS KASZTELAN KONKRET Chełmno",
        "UKB Kleks Szamotuły",
        "FIORI GIFTS Szczecinek",
        "Invenio Szlem Dzierżoniów",
        "Laser DeLux Łódź",
        "Bluerefrigeration KS AZS Wratislavia II",
        "KONTRA Koszalin"
    ],
    "KS KM IMPORT JAGIELLONKA PIŁA": [
        "Objectivity KS AZS Wratislavia III WR",
        "LKS KASZTELAN KONKRET Chełmno",
        "GOLDBECK COMFORT SA AZS Wratislavia IV",
        "DĄBRÓWKA NAUKABRYDZA.PL Poznań",
        "SYNIS OPOLE",
        "PKB KART-El Gorzów Wlkp.",
        "Erbud KS AZS Wratislavia IX WR",
        "KONTRA Koszalin"
    ],
    "KONTRA Koszalin": [
        "Objectivity KS AZS Wratislavia III WR",
        "UKB Kleks Szamotuły",
        "GOLDBECK COMFORT SA AZS Wratislavia IV",
        "DĄBRÓWKA NAUKABRYDZA.PL Poznań",
        "SYNIS OPOLE",
        "Invenio Szlem Dzierżoniów",
        "PKB KART-El Gorzów Wlkp.",
        "Laser DeLux Łódź",
        "Taurus PAB"
    ],
    "LKS KASZTELAN KONKRET Chełmno": [
        "UKB Kleks Szamotuły",
        "FIORI GIFTS Szczecinek",
        "GOLDBECK COMFORT SA AZS Wratislavia IV",
        "DĄBRÓWKA NAUKABRYDZA.PL Poznań",
        "PKB KART-El Gorzów Wlkp.",
        "Elbud AZS US Szczecin",
        "Laser DeLux Łódź",
        "KONTRA Koszalin"
    ],
    "Invenio Szlem Dzierżoniów": [
        "LKS KASZTELAN KONKRET Chełmno",
        "UKB Kleks Szamotuły",
        "FIORI GIFTS Szczecinek",
        "GOLDBECK COMFORT SA AZS Wratislavia IV",
        "SYNIS OPOLE",
        "KS KM IMPORT JAGIELLONKA PIŁA"
    ],
    "Bluerefrigeration KS AZS Wratislavia II": [
        "LKS KASZTELAN KONKRET Chełmno",
        "UKB Kleks Szamotuły",
        "GOLDBECK COMFORT SA AZS Wratislavia IV",
        "DĄBRÓWKA NAUKABRYDZA.PL Poznań",
        "Invenio Szlem Dzierżoniów",
        "PKB KART-El Gorzów Wlkp.",
        "Laser DeLux Łódź",
        "Taurus PAB",
        "KS KM IMPORT JAGIELLONKA PIŁA",
        "KONTRA Koszalin"
    ],
    "GOLDBECK COMFORT SA AZS Wratislavia IV": [
        "UKB Kleks Szamotuły",
        "FIORI GIFTS Szczecinek",
        "SYNIS OPOLE",
        "Taurus PAB",
        "Erbud KS AZS Wratislavia IX WR"
    ],
    "DĄBRÓWKA NAUKABRYDZA.PL Poznań": [
        "UKB Kleks Szamotuły",
        "GOLDBECK COMFORT SA AZS Wratislavia IV",
        "SYNIS OPOLE",
        "Invenio Szlem Dzierżoniów",
        "Laser DeLux Łódź",
        "Taurus PAB",
        "Erbud KS AZS Wratislavia IX WR"
    ],
    "Elbud AZS US Szczecin": [
        "UKB Kleks Szamotuły",
        "GOLDBECK COMFORT SA AZS Wratislavia IV",
        "DĄBRÓWKA NAUKABRYDZA.PL Poznań",
        "SYNIS OPOLE",
        "Invenio Szlem Dzierżoniów",
        "PKB KART-El Gorzów Wlkp.",
        "Laser DeLux Łódź",
        "Bluerefrigeration KS AZS Wratislavia II",
        "Erbud KS AZS Wratislavia IX WR",
        "KS KM IMPORT JAGIELLONKA PIŁA",
        "KONTRA Koszalin"
    ]
}