{
    "Dworek Króla Stanisława Osir Lidzbark W.": [
        "Elektromontaż Joker Rzeszów",
        "BSBS Konstanta Bielsko-Biała",
        "Mokotów Warszawa",
        "Fundacja Mała Ojczyzna",
        "SPS EKO RÓŻANKA",
        "PKB Petrolan Radomsko"
    ],
    "Akademia Brydża AZS UW": [
        "Dworek Króla Stanisława Osir Lidzbark W.",
        "Elektromontaż Joker Rzeszów",
        "Autostrada Eksploatacja & 2S Media",
        "BSBS Konstanta Bielsko-Biała",
        "Inwit Pabianice",
        "SPS EKO RÓŻANKA",
        "PKB Petrolan Radomsko",
        "Czarna Papuga Zwierzyniec Kraków"
    ],
    "Taka Sobie Drużyna Brydżowa WZBS": [
        "Dworek Króla Stanisława Osir Lidzbark W.",
        "Elektromontaż Joker Rzeszów",
        "Akademia Brydża AZS UW",
        "Dr SMILE Starachowice",
        "PKB Petrolan Radomsko",
        "Przyjaciele Rzeszów"
    ],
    "Autostrada Eksploatacja & 2S Media": [
        "Dworek Króla Stanisława Osir Lidzbark W.",
        "Elektromontaż Joker Rzeszów",
        "Taka Sobie Drużyna Brydżowa WZBS",
        "Inwit Pabianice",
        "Fundacja Mała Ojczyzna",
        "Przyjaciele Rzeszów"
    ],
    "Dr SMILE Starachowice": [
        "Dworek Króla Stanisława Osir Lidzbark W.",
        "Akademia Brydża AZS UW",
        "Autostrada Eksploatacja & 2S Media",
        "Sfora CKiS Skawina",
        "Mokotów Warszawa",
        "SPS EKO RÓŻANKA",
        "PKB Petrolan Radomsko"
    ],
    "Inwit Pabianice": [
        "Dworek Króla Stanisława Osir Lidzbark W.",
        "Elektromontaż Joker Rzeszów",
        "Taka Sobie Drużyna Brydżowa WZBS",
        "Dr SMILE Starachowice",
        "Fundacja Mała Ojczyzna",
        "PKB Petrolan Radomsko",
        "MKS Strzelce Opolskie"
    ],
    "Sfora CKiS Skawina": [
        "Dworek Króla Stanisława Osir Lidzbark W.",
        "Akademia Brydża AZS UW",
        "Taka Sobie Drużyna Brydżowa WZBS",
        "Autostrada Eksploatacja & 2S Media",
        "Inwit Pabianice",
        "SPS EKO RÓŻANKA",
        "PKB Petrolan Radomsko",
        "MKS Strzelce Opolskie"
    ],
    "Czarna Papuga Zwierzyniec Kraków": [
        "Dworek Króla Stanisława Osir Lidzbark W.",
        "Elektromontaż Joker Rzeszów",
        "Taka Sobie Drużyna Brydżowa WZBS",
        "Autostrada Eksploatacja & 2S Media",
        "Dr SMILE Starachowice",
        "Inwit Pabianice",
        "Sfora CKiS Skawina",
        "Mokotów Warszawa",
        "Fundacja Mała Ojczyzna"
    ],
    "MKS Strzelce Opolskie": [
        "Dworek Króla Stanisława Osir Lidzbark W.",
        "Elektromontaż Joker Rzeszów",
        "Akademia Brydża AZS UW",
        "Taka Sobie Drużyna Brydżowa WZBS",
        "Autostrada Eksploatacja & 2S Media",
        "Dr SMILE Starachowice",
        "Mokotów Warszawa",
        "Fundacja Mała Ojczyzna",
        "SPS EKO RÓŻANKA",
        "PKB Petrolan Radomsko",
        "Czarna Papuga Zwierzyniec Kraków"
    ],
    "Przyjaciele Rzeszów": [
        "Dworek Króla Stanisława Osir Lidzbark W.",
        "Elektromontaż Joker Rzeszów",
        "Akademia Brydża AZS UW",
        "Dr SMILE Starachowice",
        "Inwit Pabianice",
        "Sfora CKiS Skawina",
        "Mokotów Warszawa",
        "SPS EKO RÓŻANKA",
        "Czarna Papuga Zwierzyniec Kraków",
        "MKS Strzelce Opolskie"
    ],
    "Elektromontaż Joker Rzeszów": [
        "Dr SMILE Starachowice",
        "BSBS Konstanta Bielsko-Biała",
        "Sfora CKiS Skawina",
        "Fundacja Mała Ojczyzna"
    ],
    "Mokotów Warszawa": [
        "Elektromontaż Joker Rzeszów",
        "Akademia Brydża AZS UW",
        "Taka Sobie Drużyna Brydżowa WZBS",
        "Autostrada Eksploatacja & 2S Media",
        "Inwit Pabianice",
        "Sfora CKiS Skawina",
        "Fundacja Mała Ojczyzna",
        "SPS EKO RÓŻANKA"
    ],
    "SPS EKO RÓŻANKA": [
        "Elektromontaż Joker Rzeszów",
        "Taka Sobie Drużyna Brydżowa WZBS",
        "Autostrada Eksploatacja & 2S Media",
        "BSBS Konstanta Bielsko-Biała",
        "Inwit Pabianice",
        "Fundacja Mała Ojczyzna",
        "Czarna Papuga Zwierzyniec Kraków"
    ],
    "PKB Petrolan Radomsko": [
        "Elektromontaż Joker Rzeszów",
        "Autostrada Eksploatacja & 2S Media",
        "Mokotów Warszawa",
        "SPS EKO RÓŻANKA",
        "Czarna Papuga Zwierzyniec Kraków",
        "Przyjaciele Rzeszów"
    ],
    "Fundacja Mała Ojczyzna": [
        "Akademia Brydża AZS UW",
        "Taka Sobie Drużyna Brydżowa WZBS",
        "Dr SMILE Starachowice",
        "Sfora CKiS Skawina",
        "PKB Petrolan Radomsko",
        "Przyjaciele Rzeszów"
    ],
    "BSBS Konstanta Bielsko-Biała": [
        "Taka Sobie Drużyna Brydżowa WZBS",
        "Autostrada Eksploatacja & 2S Media",
        "Dr SMILE Starachowice",
        "Inwit Pabianice",
        "Sfora CKiS Skawina",
        "Mokotów Warszawa",
        "Fundacja Mała Ojczyzna",
        "PKB Petrolan Radomsko",
        "Czarna Papuga Zwierzyniec Kraków",
        "MKS Strzelce Opolskie",
        "Przyjaciele Rzeszów"
    ]
}