{
    "Objectivity KS AZS Wratislavia III": [
        "SYNTEX",
        "GRICON STARKA Poznań",
        "DĄBRÓWKA NAUKABRYDŻA.PL Poznań",
        "KTB Konin",
        "UKB KLEKS Szamotuły",
        "LKS PIAST Sieradz",
        "CHEMIK Bydgoszcz"
    ],
    "SYNTEX": [
        "BIOPAX.PL AZS UZ",
        "COMFORT SA KSAZ Wratislavia IV/VII",
        "GRICON STARKA Poznań",
        "DARLES SANTERM Gdańsk",
        "BLACKWOOD Gdańsk"
    ],
    "DĄBRÓWKA NAUKABRYDŻA.PL Poznań": [
        "SYNTEX",
        "GRICON STARKA Poznań",
        "VĘGORIA WCK Węgorzewo",
        "KTB Konin",
        "KART-EL Gorzów Wlkp.",
        "UKB KLEKS Szamotuły",
        "LKS PIAST Sieradz",
        "BLACKWOOD Gdańsk"
    ],
    "VĘGORIA WCK Węgorzewo": [
        "SYNTEX",
        "Objectivity KS AZS Wratislavia III",
        "BIOPAX.PL AZS UZ",
        "GRICON STARKA Poznań",
        "KTB Konin",
        "KART-EL Gorzów Wlkp.",
        "UKB KLEKS Szamotuły",
        "CHEMIK Bydgoszcz"
    ],
    "KTB Konin": [
        "SYNTEX",
        "COMFORT SA KSAZ Wratislavia IV/VII",
        "GRICON STARKA Poznań",
        "KART-EL Gorzów Wlkp.",
        "CHEMIK Bydgoszcz",
        "BLACKWOOD Gdańsk"
    ],
    "KART-EL Gorzów Wlkp.": [
        "SYNTEX",
        "Objectivity KS AZS Wratislavia III",
        "GRICON STARKA Poznań",
        "UKB KLEKS Szamotuły",
        "ELEKTROWNIA Żelichowo",
        "LKS PIAST Sieradz",
        "BLACKWOOD Gdańsk"
    ],
    "UKB KLEKS Szamotuły": [
        "SYNTEX",
        "COMFORT SA KSAZ Wratislavia IV/VII",
        "GRICON STARKA Poznań",
        "KTB Konin",
        "LKS PIAST Sieradz",
        "CHEMIK Bydgoszcz",
        "DARLES SANTERM Gdańsk",
        "BLACKWOOD Gdańsk"
    ],
    "ELEKTROWNIA Żelichowo": [
        "SYNTEX",
        "Objectivity KS AZS Wratislavia III",
        "BIOPAX.PL AZS UZ",
        "GRICON STARKA Poznań",
        "DĄBRÓWKA NAUKABRYDŻA.PL Poznań",
        "VĘGORIA WCK Węgorzewo",
        "KTB Konin",
        "UKB KLEKS Szamotuły",
        "UNIA WINKHAUS Leszno",
        "LKS PIAST Sieradz"
    ],
    "UNIA WINKHAUS Leszno": [
        "SYNTEX",
        "Objectivity KS AZS Wratislavia III",
        "GRICON STARKA Poznań",
        "DĄBRÓWKA NAUKABRYDŻA.PL Poznań",
        "VĘGORIA WCK Węgorzewo",
        "KTB Konin",
        "KART-EL Gorzów Wlkp.",
        "UKB KLEKS Szamotuły",
        "LKS PIAST Sieradz",
        "CHEMIK Bydgoszcz",
        "BLACKWOOD Gdańsk"
    ],
    "LKS PIAST Sieradz": [
        "SYNTEX",
        "BIOPAX.PL AZS UZ",
        "COMFORT SA KSAZ Wratislavia IV/VII",
        "GRICON STARKA Poznań",
        "VĘGORIA WCK Węgorzewo",
        "KTB Konin",
        "CHEMIK Bydgoszcz",
        "BLACKWOOD Gdańsk"
    ],
    "CHEMIK Bydgoszcz": [
        "SYNTEX",
        "BIOPAX.PL AZS UZ",
        "COMFORT SA KSAZ Wratislavia IV/VII",
        "GRICON STARKA Poznań",
        "DĄBRÓWKA NAUKABRYDŻA.PL Poznań",
        "KART-EL Gorzów Wlkp.",
        "ELEKTROWNIA Żelichowo",
        "DARLES SANTERM Gdańsk"
    ],
    "BIOPAX.PL AZS UZ": [
        "Objectivity KS AZS Wratislavia III",
        "DĄBRÓWKA NAUKABRYDŻA.PL Poznań",
        "KTB Konin",
        "KART-EL Gorzów Wlkp.",
        "UKB KLEKS Szamotuły",
        "UNIA WINKHAUS Leszno"
    ],
    "COMFORT SA KSAZ Wratislavia IV/VII": [
        "Objectivity KS AZS Wratislavia III",
        "BIOPAX.PL AZS UZ",
        "DĄBRÓWKA NAUKABRYDŻA.PL Poznań",
        "VĘGORIA WCK Węgorzewo",
        "KART-EL Gorzów Wlkp.",
        "ELEKTROWNIA Żelichowo",
        "UNIA WINKHAUS Leszno"
    ],
    "DARLES SANTERM Gdańsk": [
        "Objectivity KS AZS Wratislavia III",
        "BIOPAX.PL AZS UZ",
        "COMFORT SA KSAZ Wratislavia IV/VII",
        "DĄBRÓWKA NAUKABRYDŻA.PL Poznań",
        "VĘGORIA WCK Węgorzewo",
        "KTB Konin",
        "KART-EL Gorzów Wlkp.",
        "ELEKTROWNIA Żelichowo",
        "UNIA WINKHAUS Leszno",
        "LKS PIAST Sieradz",
        "BLACKWOOD Gdańsk"
    ],
    "BLACKWOOD Gdańsk": [
        "Objectivity KS AZS Wratislavia III",
        "BIOPAX.PL AZS UZ",
        "COMFORT SA KSAZ Wratislavia IV/VII",
        "GRICON STARKA Poznań",
        "VĘGORIA WCK Węgorzewo",
        "ELEKTROWNIA Żelichowo",
        "CHEMIK Bydgoszcz"
    ],
    "GRICON STARKA Poznań": [
        "BIOPAX.PL AZS UZ",
        "COMFORT SA KSAZ Wratislavia IV/VII",
        "DARLES SANTERM Gdańsk"
    ]
}