{
    "CONNECTOR Poznań": [
        "BRIDGE24.PL",
        "ESBS VITAS Elbląg",
        "Diebold Nixdorf Cracovia",
        "TB Silesia I Gliwice",
        "SPS CONSTRUCTION Kielce",
        "ILANKA 1 Rzepin"
    ],
    "BRIDGE24.PL": [
        "ERA KS AZS Wratislavia I WR",
        "LKS KASZTELAN KONKRET Chełmno",
        "SYNTEX ŁĄCZNOŚĆ Łowicz",
        "SPS CONSTRUCTION Kielce",
        "SYNERGIA Lublin",
        "BSBS KONSTANTA Bielsko-Biała"
    ],
    "ESBS VITAS Elbląg": [
        "BRIDGE24.PL",
        "ERA KS AZS Wratislavia I WR",
        "Diebold Nixdorf Cracovia",
        "Skobud JOKER Tarnobrzeg",
        "OBJECTIVITY KS AZS Wratislavia III",
        "SPS CONSTRUCTION Kielce",
        "ILANKA 1 Rzepin",
        "Elektromontaż JOKER Rzeszów"
    ],
    "Diebold Nixdorf Cracovia": [
        "BRIDGE24.PL",
        "Skobud JOKER Tarnobrzeg",
        "LKS KASZTELAN KONKRET Chełmno",
        "BSBS KONSTANTA Bielsko-Biała"
    ],
    "Skobud JOKER Tarnobrzeg": [
        "BRIDGE24.PL",
        "CONNECTOR Poznań",
        "ERA KS AZS Wratislavia I WR",
        "SPS CONSTRUCTION Kielce",
        "ILANKA 1 Rzepin",
        "Elektromontaż JOKER Rzeszów",
        "SYNERGIA Lublin"
    ],
    "OBJECTIVITY KS AZS Wratislavia III": [
        "BRIDGE24.PL",
        "CONNECTOR Poznań",
        "ERA KS AZS Wratislavia I WR",
        "Diebold Nixdorf Cracovia",
        "Skobud JOKER Tarnobrzeg",
        "LKS KASZTELAN KONKRET Chełmno",
        "TB Silesia I Gliwice",
        "Elektromontaż JOKER Rzeszów",
        "SYNERGIA Lublin"
    ],
    "TB Silesia I Gliwice": [
        "BRIDGE24.PL",
        "ERA KS AZS Wratislavia I WR",
        "ESBS VITAS Elbląg",
        "Diebold Nixdorf Cracovia",
        "Skobud JOKER Tarnobrzeg",
        "LKS KASZTELAN KONKRET Chełmno",
        "SYNTEX ŁĄCZNOŚĆ Łowicz",
        "BSBS KONSTANTA Bielsko-Biała",
        "AJ SYNIS DIAMENT Opole"
    ],
    "ILANKA 1 Rzepin": [
        "BRIDGE24.PL",
        "Diebold Nixdorf Cracovia",
        "OBJECTIVITY KS AZS Wratislavia III",
        "LKS KASZTELAN KONKRET Chełmno",
        "TB Silesia I Gliwice",
        "Elektromontaż JOKER Rzeszów",
        "SYNERGIA Lublin",
        "BSBS KONSTANTA Bielsko-Biała"
    ],
    "Elektromontaż JOKER Rzeszów": [
        "BRIDGE24.PL",
        "CONNECTOR Poznań",
        "ERA KS AZS Wratislavia I WR",
        "Diebold Nixdorf Cracovia",
        "SYNTEX ŁĄCZNOŚĆ Łowicz",
        "TB Silesia I Gliwice",
        "SPS CONSTRUCTION Kielce",
        "SYNERGIA Lublin",
        "BSBS KONSTANTA Bielsko-Biała",
        "AJ SYNIS DIAMENT Opole"
    ],
    "AJ SYNIS DIAMENT Opole": [
        "BRIDGE24.PL",
        "CONNECTOR Poznań",
        "ESBS VITAS Elbląg",
        "Diebold Nixdorf Cracovia",
        "Skobud JOKER Tarnobrzeg",
        "OBJECTIVITY KS AZS Wratislavia III",
        "SYNTEX ŁĄCZNOŚĆ Łowicz",
        "ILANKA 1 Rzepin"
    ],
    "ERA KS AZS Wratislavia I WR": [
        "CONNECTOR Poznań",
        "Diebold Nixdorf Cracovia",
        "SYNTEX ŁĄCZNOŚĆ Łowicz",
        "SPS CONSTRUCTION Kielce",
        "ILANKA 1 Rzepin",
        "SYNERGIA Lublin",
        "AJ SYNIS DIAMENT Opole"
    ],
    "LKS KASZTELAN KONKRET Chełmno": [
        "CONNECTOR Poznań",
        "ERA KS AZS Wratislavia I WR",
        "ESBS VITAS Elbląg",
        "Skobud JOKER Tarnobrzeg",
        "SYNTEX ŁĄCZNOŚĆ Łowicz",
        "SPS CONSTRUCTION Kielce",
        "Elektromontaż JOKER Rzeszów",
        "SYNERGIA Lublin",
        "BSBS KONSTANTA Bielsko-Biała",
        "AJ SYNIS DIAMENT Opole"
    ],
    "SYNTEX ŁĄCZNOŚĆ Łowicz": [
        "CONNECTOR Poznań",
        "ESBS VITAS Elbląg",
        "Diebold Nixdorf Cracovia",
        "Skobud JOKER Tarnobrzeg",
        "OBJECTIVITY KS AZS Wratislavia III",
        "ILANKA 1 Rzepin",
        "SYNERGIA Lublin"
    ],
    "SYNERGIA Lublin": [
        "CONNECTOR Poznań",
        "ESBS VITAS Elbląg",
        "Diebold Nixdorf Cracovia",
        "TB Silesia I Gliwice",
        "BSBS KONSTANTA Bielsko-Biała",
        "AJ SYNIS DIAMENT Opole"
    ],
    "BSBS KONSTANTA Bielsko-Biała": [
        "CONNECTOR Poznań",
        "ERA KS AZS Wratislavia I WR",
        "ESBS VITAS Elbląg",
        "Skobud JOKER Tarnobrzeg",
        "OBJECTIVITY KS AZS Wratislavia III",
        "SYNTEX ŁĄCZNOŚĆ Łowicz",
        "SPS CONSTRUCTION Kielce",
        "AJ SYNIS DIAMENT Opole"
    ],
    "SPS CONSTRUCTION Kielce": [
        "Diebold Nixdorf Cracovia",
        "OBJECTIVITY KS AZS Wratislavia III",
        "SYNTEX ŁĄCZNOŚĆ Łowicz",
        "TB Silesia I Gliwice",
        "ILANKA 1 Rzepin",
        "SYNERGIA Lublin",
        "AJ SYNIS DIAMENT Opole"
    ]
}