{
    "ZIELONY Waluta Lokalna Starachowice": [
        "INWIT Pabianice",
        "POMTECH Zwoleń",
        "BSBS KONSTANTA Bielsko-Biała",
        "TBS MAGMA Zawiercie",
        "SPS EKO - ROŻANKA",
        "VĘGORIA WCK Węgorzewo",
        "TS WISŁA - MILO Kraków"
    ],
    "INWIT Pabianice": [
        "MTS PIAST Skawina",
        "Akademia Brydża AZS UW Piast Warszawa",
        "POMTECH Zwoleń",
        "ZweryfikujFirmę.pl AZS UW Warszawa",
        "SPS EKO - ROŻANKA"
    ],
    "BUKS MDK MOSM I Bytom": [
        "INWIT Pabianice",
        "ZIELONY Waluta Lokalna Starachowice",
        "Akademia Brydża AZS UW Piast Warszawa",
        "BSBS KONSTANTA Bielsko-Biała",
        "ZweryfikujFirmę.pl AZS UW Warszawa",
        "LESKOWIEC Wadowice - BESKID Andrychów",
        "TBS MAGMA Zawiercie"
    ],
    "BSBS KONSTANTA Bielsko-Biała": [
        "INWIT Pabianice",
        "Akademia Brydża AZS UW Piast Warszawa",
        "LESKOWIEC Wadowice - BESKID Andrychów",
        "ETB Ełk",
        "SPS EKO - ROŻANKA",
        "TS WISŁA - MILO Kraków"
    ],
    "LESKOWIEC Wadowice - BESKID Andrychów": [
        "INWIT Pabianice",
        "ZIELONY Waluta Lokalna Starachowice",
        "Akademia Brydża AZS UW Piast Warszawa",
        "POMTECH Zwoleń",
        "ETB Ełk",
        "SKÓR-BUT Eko-Różanka Łęczna",
        "VĘGORIA WCK Węgorzewo"
    ],
    "TBS MAGMA Zawiercie": [
        "INWIT Pabianice",
        "MTS PIAST Skawina",
        "BSBS KONSTANTA Bielsko-Biała",
        "LESKOWIEC Wadowice - BESKID Andrychów",
        "ETB Ełk",
        "SPS EKO - ROŻANKA",
        "TS WISŁA - MILO Kraków"
    ],
    "ETB Ełk": [
        "INWIT Pabianice",
        "ZIELONY Waluta Lokalna Starachowice",
        "MTS PIAST Skawina",
        "BUKS MDK MOSM I Bytom",
        "ZweryfikujFirmę.pl AZS UW Warszawa",
        "SKÓR-BUT Eko-Różanka Łęczna",
        "VĘGORIA WCK Węgorzewo"
    ],
    "Elektromontaż JOKER Rzeszów": [
        "INWIT Pabianice",
        "ZIELONY Waluta Lokalna Starachowice",
        "Akademia Brydża AZS UW Piast Warszawa",
        "BUKS MDK MOSM I Bytom",
        "POMTECH Zwoleń",
        "BSBS KONSTANTA Bielsko-Biała",
        "ZweryfikujFirmę.pl AZS UW Warszawa",
        "LESKOWIEC Wadowice - BESKID Andrychów",
        "TBS MAGMA Zawiercie",
        "ETB Ełk",
        "SPS EKO - ROŻANKA",
        "SKÓR-BUT Eko-Różanka Łęczna",
        "TS WISŁA - MILO Kraków"
    ],
    "SKÓR-BUT Eko-Różanka Łęczna": [
        "INWIT Pabianice",
        "ZIELONY Waluta Lokalna Starachowice",
        "MTS PIAST Skawina",
        "BUKS MDK MOSM I Bytom",
        "BSBS KONSTANTA Bielsko-Biała",
        "TBS MAGMA Zawiercie",
        "SPS EKO - ROŻANKA",
        "VĘGORIA WCK Węgorzewo"
    ],
    "VĘGORIA WCK Węgorzewo": [
        "INWIT Pabianice",
        "MTS PIAST Skawina",
        "BUKS MDK MOSM I Bytom",
        "POMTECH Zwoleń",
        "BSBS KONSTANTA Bielsko-Biała",
        "ZweryfikujFirmę.pl AZS UW Warszawa",
        "TBS MAGMA Zawiercie",
        "Elektromontaż JOKER Rzeszów"
    ],
    "TS WISŁA - MILO Kraków": [
        "INWIT Pabianice",
        "MTS PIAST Skawina",
        "Akademia Brydża AZS UW Piast Warszawa",
        "BUKS MDK MOSM I Bytom",
        "LESKOWIEC Wadowice - BESKID Andrychów",
        "ETB Ełk",
        "SKÓR-BUT Eko-Różanka Łęczna",
        "VĘGORIA WCK Węgorzewo"
    ],
    "MTS PIAST Skawina": [
        "ZIELONY Waluta Lokalna Starachowice",
        "BUKS MDK MOSM I Bytom",
        "POMTECH Zwoleń",
        "BSBS KONSTANTA Bielsko-Biała",
        "ZweryfikujFirmę.pl AZS UW Warszawa",
        "LESKOWIEC Wadowice - BESKID Andrychów",
        "SPS EKO - ROŻANKA",
        "Elektromontaż JOKER Rzeszów"
    ],
    "Akademia Brydża AZS UW Piast Warszawa": [
        "ZIELONY Waluta Lokalna Starachowice",
        "MTS PIAST Skawina",
        "POMTECH Zwoleń",
        "TBS MAGMA Zawiercie",
        "ETB Ełk",
        "SPS EKO - ROŻANKA",
        "SKÓR-BUT Eko-Różanka Łęczna",
        "VĘGORIA WCK Węgorzewo"
    ],
    "ZweryfikujFirmę.pl AZS UW Warszawa": [
        "ZIELONY Waluta Lokalna Starachowice",
        "Akademia Brydża AZS UW Piast Warszawa",
        "POMTECH Zwoleń",
        "BSBS KONSTANTA Bielsko-Biała",
        "LESKOWIEC Wadowice - BESKID Andrychów",
        "TBS MAGMA Zawiercie",
        "SKÓR-BUT Eko-Różanka Łęczna",
        "TS WISŁA - MILO Kraków"
    ],
    "POMTECH Zwoleń": [
        "BUKS MDK MOSM I Bytom",
        "BSBS KONSTANTA Bielsko-Biała",
        "TBS MAGMA Zawiercie",
        "ETB Ełk",
        "SKÓR-BUT Eko-Różanka Łęczna",
        "TS WISŁA - MILO Kraków"
    ],
    "SPS EKO - ROŻANKA": [
        "BUKS MDK MOSM I Bytom",
        "POMTECH Zwoleń",
        "ZweryfikujFirmę.pl AZS UW Warszawa",
        "LESKOWIEC Wadowice - BESKID Andrychów",
        "ETB Ełk",
        "VĘGORIA WCK Węgorzewo",
        "TS WISŁA - MILO Kraków"
    ]
}