{
    "ZIELONY Waluta Lokalna Starachowice": [
        "INWIT Pabianice",
        "BSBS KONSTANTA Bielsko-Biała",
        "SFORA CIBORA MINDLAB Kraków",
        "SPS EKO-RÓŻANKA"
    ],
    "KKBS CZARNA PAPUGA ZWIERZYNIEC Kraków": [
        "ZIELONY Waluta Lokalna Starachowice",
        "INWIT Pabianice",
        "BSBS KONSTANTA Bielsko-Biała",
        "SKOBUD JOKER Tarnobrzeg",
        "FREEECO CHEMIK Puławy",
        "POMTECH Zwoleń",
        "OBJECTIVITY KS AZS Wratislavia VI WR",
        "TB SILESIA II Gliwice",
        "SPS EKO-RÓŻANKA"
    ],
    "SKOBUD JOKER Tarnobrzeg": [
        "ZIELONY Waluta Lokalna Starachowice",
        "INWIT Pabianice",
        "BSBS KONSTANTA Bielsko-Biała",
        "VĘGORIA WCK Węgorzewo",
        "FREEECO CHEMIK Puławy",
        "POMTECH Zwoleń",
        "SPS EKO-RÓŻANKA",
        "ABNEGAT WZBS Warszawa"
    ],
    "BUKS MDK MOSM I Bytom": [
        "ZIELONY Waluta Lokalna Starachowice",
        "INWIT Pabianice",
        "BSBS KONSTANTA Bielsko-Biała",
        "SFORA CIBORA MINDLAB Kraków",
        "KKBS CZARNA PAPUGA ZWIERZYNIEC Kraków",
        "SKOBUD JOKER Tarnobrzeg",
        "VĘGORIA WCK Węgorzewo",
        "POMTECH Zwoleń",
        "OBJECTIVITY KS AZS Wratislavia VI WR",
        "KONTRA Koszalin",
        "ABNEGAT WZBS Warszawa"
    ],
    "VĘGORIA WCK Węgorzewo": [
        "ZIELONY Waluta Lokalna Starachowice",
        "SFORA CIBORA MINDLAB Kraków",
        "KKBS CZARNA PAPUGA ZWIERZYNIEC Kraków",
        "POMTECH Zwoleń",
        "TB SILESIA II Gliwice",
        "SPS EKO-RÓŻANKA",
        "KONTRA Koszalin"
    ],
    "FREEECO CHEMIK Puławy": [
        "ZIELONY Waluta Lokalna Starachowice",
        "INWIT Pabianice",
        "BUKS MDK MOSM I Bytom",
        "VĘGORIA WCK Węgorzewo",
        "OBJECTIVITY KS AZS Wratislavia VI WR",
        "SPS EKO-RÓŻANKA",
        "KONTRA Koszalin",
        "SYNERGIA Cracovia Ilanka 2"
    ],
    "POMTECH Zwoleń": [
        "ZIELONY Waluta Lokalna Starachowice",
        "FREEECO CHEMIK Puławy",
        "OBJECTIVITY KS AZS Wratislavia VI WR",
        "TB SILESIA II Gliwice",
        "SPS EKO-RÓŻANKA",
        "ABNEGAT WZBS Warszawa"
    ],
    "OBJECTIVITY KS AZS Wratislavia VI WR": [
        "ZIELONY Waluta Lokalna Starachowice",
        "INWIT Pabianice",
        "SFORA CIBORA MINDLAB Kraków",
        "SKOBUD JOKER Tarnobrzeg",
        "VĘGORIA WCK Węgorzewo",
        "KONTRA Koszalin",
        "ABNEGAT WZBS Warszawa",
        "SYNERGIA Cracovia Ilanka 2"
    ],
    "TB SILESIA II Gliwice": [
        "ZIELONY Waluta Lokalna Starachowice",
        "BSBS KONSTANTA Bielsko-Biała",
        "SFORA CIBORA MINDLAB Kraków",
        "SKOBUD JOKER Tarnobrzeg",
        "BUKS MDK MOSM I Bytom",
        "FREEECO CHEMIK Puławy",
        "OBJECTIVITY KS AZS Wratislavia VI WR",
        "KONTRA Koszalin",
        "SYNERGIA Cracovia Ilanka 2"
    ],
    "KONTRA Koszalin": [
        "ZIELONY Waluta Lokalna Starachowice",
        "BSBS KONSTANTA Bielsko-Biała",
        "KKBS CZARNA PAPUGA ZWIERZYNIEC Kraków",
        "SKOBUD JOKER Tarnobrzeg",
        "POMTECH Zwoleń",
        "ABNEGAT WZBS Warszawa"
    ],
    "ABNEGAT WZBS Warszawa": [
        "ZIELONY Waluta Lokalna Starachowice",
        "BSBS KONSTANTA Bielsko-Biała",
        "SFORA CIBORA MINDLAB Kraków",
        "KKBS CZARNA PAPUGA ZWIERZYNIEC Kraków",
        "VĘGORIA WCK Węgorzewo",
        "FREEECO CHEMIK Puławy",
        "TB SILESIA II Gliwice",
        "SPS EKO-RÓŻANKA"
    ],
    "SYNERGIA Cracovia Ilanka 2": [
        "ZIELONY Waluta Lokalna Starachowice",
        "KKBS CZARNA PAPUGA ZWIERZYNIEC Kraków",
        "SKOBUD JOKER Tarnobrzeg",
        "BUKS MDK MOSM I Bytom",
        "VĘGORIA WCK Węgorzewo",
        "POMTECH Zwoleń",
        "SPS EKO-RÓŻANKA",
        "KONTRA Koszalin",
        "ABNEGAT WZBS Warszawa"
    ],
    "INWIT Pabianice": [
        "BSBS KONSTANTA Bielsko-Biała",
        "VĘGORIA WCK Węgorzewo",
        "POMTECH Zwoleń",
        "TB SILESIA II Gliwice",
        "SPS EKO-RÓŻANKA",
        "KONTRA Koszalin",
        "ABNEGAT WZBS Warszawa",
        "SYNERGIA Cracovia Ilanka 2"
    ],
    "SFORA CIBORA MINDLAB Kraków": [
        "INWIT Pabianice",
        "BSBS KONSTANTA Bielsko-Biała",
        "KKBS CZARNA PAPUGA ZWIERZYNIEC Kraków",
        "SKOBUD JOKER Tarnobrzeg",
        "FREEECO CHEMIK Puławy",
        "POMTECH Zwoleń",
        "KONTRA Koszalin",
        "SYNERGIA Cracovia Ilanka 2"
    ],
    "BSBS KONSTANTA Bielsko-Biała": [
        "VĘGORIA WCK Węgorzewo",
        "FREEECO CHEMIK Puławy",
        "POMTECH Zwoleń",
        "OBJECTIVITY KS AZS Wratislavia VI WR",
        "SPS EKO-RÓŻANKA",
        "SYNERGIA Cracovia Ilanka 2"
    ],
    "SPS EKO-RÓŻANKA": [
        "SFORA CIBORA MINDLAB Kraków",
        "BUKS MDK MOSM I Bytom",
        "OBJECTIVITY KS AZS Wratislavia VI WR",
        "TB SILESIA II Gliwice",
        "KONTRA Koszalin"
    ]
}