{
    "SYNERGIA ILANKA": [
        "SPS CONSTRUCTION Kielce",
        "Szkoła Brydża Szlem Gdańsk",
        "ŁĄCZNOŚĆ Olsztyn",
        "GTB SDK Tczew",
        "SYNIS VALUE MEDIA OPOLE",
        "Akademia Brydża AZS UW Warszawa",
        "TB Silesia I Gliwice"
    ],
    "Szkoła Brydża Szlem Gdańsk": [
        "SPS CONSTRUCTION Kielce",
        "ESBS VITAS Elbląg",
        "GTB SDK Tczew",
        "SYNIS VALUE MEDIA OPOLE",
        "Akademia Brydża AZS UW Warszawa",
        "TB Silesia I Gliwice"
    ],
    "BRIDGESCANNER KS AZS Wratislavia I WR": [
        "SPS CONSTRUCTION Kielce",
        "SYNERGIA ILANKA",
        "Szkoła Brydża Szlem Gdańsk",
        "ESBS VITAS Elbląg",
        "GTB SDK Tczew",
        "SYNIS VALUE MEDIA OPOLE",
        "Sfora Cibora MindLab Kraków",
        "Akademia Brydża AZS UW Warszawa",
        "Dr Smile Starachowice"
    ],
    "SPS CONSTRUCTION Kielce": [
        "ŁĄCZNOŚĆ Olsztyn",
        "GTB SDK Tczew",
        "Fundacja Bridge24.pl",
        "Objectivity KS AZS Wratislavia III WR",
        "LKS Kasztelan Konkret Chełmno"
    ],
    "ESBS VITAS Elbląg": [
        "SPS CONSTRUCTION Kielce",
        "SYNERGIA ILANKA",
        "ŁĄCZNOŚĆ Olsztyn",
        "SYNIS VALUE MEDIA OPOLE",
        "Akademia Brydża AZS UW Warszawa",
        "Objectivity KS AZS Wratislavia III WR"
    ],
    "SYNIS VALUE MEDIA OPOLE": [
        "SPS CONSTRUCTION Kielce",
        "GTB SDK Tczew",
        "TB Silesia I Gliwice",
        "Objectivity KS AZS Wratislavia III WR",
        "GOLDBECK COMFORT SA AZS Wratislavia IV"
    ],
    "Sfora Cibora MindLab Kraków": [
        "SPS CONSTRUCTION Kielce",
        "SYNERGIA ILANKA",
        "Szkoła Brydża Szlem Gdańsk",
        "ESBS VITAS Elbląg",
        "GTB SDK Tczew",
        "SYNIS VALUE MEDIA OPOLE"
    ],
    "Akademia Brydża AZS UW Warszawa": [
        "SPS CONSTRUCTION Kielce",
        "ŁĄCZNOŚĆ Olsztyn",
        "Fundacja Bridge24.pl",
        "SYNIS VALUE MEDIA OPOLE",
        "Sfora Cibora MindLab Kraków",
        "LKS Kasztelan Konkret Chełmno",
        "Dr Smile Starachowice"
    ],
    "TB Silesia I Gliwice": [
        "SPS CONSTRUCTION Kielce",
        "BRIDGESCANNER KS AZS Wratislavia I WR",
        "ŁĄCZNOŚĆ Olsztyn",
        "ESBS VITAS Elbląg",
        "Sfora Cibora MindLab Kraków",
        "Akademia Brydża AZS UW Warszawa",
        "Dr Smile Starachowice"
    ],
    "GOLDBECK COMFORT SA AZS Wratislavia IV": [
        "SPS CONSTRUCTION Kielce",
        "SYNERGIA ILANKA",
        "Szkoła Brydża Szlem Gdańsk",
        "BRIDGESCANNER KS AZS Wratislavia I WR",
        "ŁĄCZNOŚĆ Olsztyn",
        "ESBS VITAS Elbląg",
        "GTB SDK Tczew",
        "Sfora Cibora MindLab Kraków",
        "Akademia Brydża AZS UW Warszawa",
        "TB Silesia I Gliwice"
    ],
    "Dr Smile Starachowice": [
        "SPS CONSTRUCTION Kielce",
        "SYNERGIA ILANKA",
        "Szkoła Brydża Szlem Gdańsk",
        "ŁĄCZNOŚĆ Olsztyn",
        "ESBS VITAS Elbląg",
        "GTB SDK Tczew",
        "SYNIS VALUE MEDIA OPOLE",
        "Sfora Cibora MindLab Kraków",
        "GOLDBECK COMFORT SA AZS Wratislavia IV",
        "LKS Kasztelan Konkret Chełmno"
    ],
    "Fundacja Bridge24.pl": [
        "SYNERGIA ILANKA",
        "Szkoła Brydża Szlem Gdańsk",
        "BRIDGESCANNER KS AZS Wratislavia I WR",
        "ŁĄCZNOŚĆ Olsztyn",
        "ESBS VITAS Elbląg",
        "SYNIS VALUE MEDIA OPOLE",
        "Sfora Cibora MindLab Kraków",
        "TB Silesia I Gliwice",
        "GOLDBECK COMFORT SA AZS Wratislavia IV",
        "Dr Smile Starachowice"
    ],
    "Objectivity KS AZS Wratislavia III WR": [
        "SYNERGIA ILANKA",
        "Szkoła Brydża Szlem Gdańsk",
        "BRIDGESCANNER KS AZS Wratislavia I WR",
        "ŁĄCZNOŚĆ Olsztyn",
        "Fundacja Bridge24.pl",
        "Sfora Cibora MindLab Kraków",
        "Akademia Brydża AZS UW Warszawa",
        "TB Silesia I Gliwice",
        "GOLDBECK COMFORT SA AZS Wratislavia IV",
        "Dr Smile Starachowice"
    ],
    "LKS Kasztelan Konkret Chełmno": [
        "SYNERGIA ILANKA",
        "Szkoła Brydża Szlem Gdańsk",
        "BRIDGESCANNER KS AZS Wratislavia I WR",
        "ŁĄCZNOŚĆ Olsztyn",
        "ESBS VITAS Elbląg",
        "GTB SDK Tczew",
        "Fundacja Bridge24.pl",
        "SYNIS VALUE MEDIA OPOLE",
        "Sfora Cibora MindLab Kraków",
        "TB Silesia I Gliwice",
        "Objectivity KS AZS Wratislavia III WR",
        "GOLDBECK COMFORT SA AZS Wratislavia IV"
    ],
    "ŁĄCZNOŚĆ Olsztyn": [
        "Szkoła Brydża Szlem Gdańsk",
        "BRIDGESCANNER KS AZS Wratislavia I WR",
        "SYNIS VALUE MEDIA OPOLE",
        "Sfora Cibora MindLab Kraków"
    ],
    "GTB SDK Tczew": [
        "ŁĄCZNOŚĆ Olsztyn",
        "ESBS VITAS Elbląg",
        "Fundacja Bridge24.pl",
        "Akademia Brydża AZS UW Warszawa",
        "TB Silesia I Gliwice",
        "Objectivity KS AZS Wratislavia III WR"
    ]
}