{
    "ZIMMERMANN AZS UW": [
        "TB Silesia I Gliwice",
        "ESKOM Warszawa",
        "VITAS ESBS Elbląg",
        "ODMET Fundacja Bridge24.pl",
        "GTB ANDRZEJKI Gdańsk",
        "TB Silesia II Gliwice"
    ],
    "ESKOM Warszawa": [
        "TB Silesia I Gliwice",
        "SPS CONSTRUCTION Kielce",
        "VITAS ESBS Elbląg",
        "GTB ANDRZEJKI Gdańsk",
        "Magma KS AZS Wratislavia I WR",
        "Agilero Piast Skawina"
    ],
    "SPS CONSTRUCTION Kielce": [
        "TB Silesia I Gliwice",
        "ZIMMERMANN AZS UW",
        "VITAS ESBS Elbląg",
        "GTB ANDRZEJKI Gdańsk",
        "ŁĄCZNOŚĆ Olsztyn",
        "GTB SDK Tczew"
    ],
    "VITAS ESBS Elbląg": [
        "TB Silesia I Gliwice",
        "VALUE MEDIA TEAM",
        "Szkoła Brydża Szlem Gdańsk"
    ],
    "VALUE MEDIA TEAM": [
        "TB Silesia I Gliwice",
        "ZIMMERMANN AZS UW",
        "ESKOM Warszawa",
        "SPS CONSTRUCTION Kielce",
        "Szkoła Brydża Szlem Gdańsk"
    ],
    "TB Silesia I Gliwice": [
        "ODMET Fundacja Bridge24.pl",
        "GTB ANDRZEJKI Gdańsk",
        "Magma KS AZS Wratislavia I WR"
    ],
    "Szkoła Brydża Szlem Gdańsk": [
        "TB Silesia I Gliwice",
        "ZIMMERMANN AZS UW",
        "ESKOM Warszawa",
        "SPS CONSTRUCTION Kielce",
        "ODMET Fundacja Bridge24.pl",
        "Magma KS AZS Wratislavia I WR",
        "SYNERGIA Lublin",
        "ŁĄCZNOŚĆ Olsztyn",
        "Agilero Piast Skawina"
    ],
    "SYNERGIA Lublin": [
        "TB Silesia I Gliwice",
        "ZIMMERMANN AZS UW",
        "ESKOM Warszawa",
        "SPS CONSTRUCTION Kielce",
        "VITAS ESBS Elbląg",
        "VALUE MEDIA TEAM",
        "ODMET Fundacja Bridge24.pl",
        "GTB ANDRZEJKI Gdańsk",
        "Magma KS AZS Wratislavia I WR",
        "Bridge24.pl 2.",
        "Agilero Piast Skawina"
    ],
    "ŁĄCZNOŚĆ Olsztyn": [
        "TB Silesia I Gliwice",
        "ZIMMERMANN AZS UW",
        "ESKOM Warszawa",
        "VITAS ESBS Elbląg",
        "VALUE MEDIA TEAM",
        "ODMET Fundacja Bridge24.pl",
        "GTB ANDRZEJKI Gdańsk",
        "Magma KS AZS Wratislavia I WR",
        "SYNERGIA Lublin",
        "TB Silesia II Gliwice",
        "Agilero Piast Skawina"
    ],
    "Bridge24.pl 2.": [
        "TB Silesia I Gliwice",
        "ZIMMERMANN AZS UW",
        "ESKOM Warszawa",
        "SPS CONSTRUCTION Kielce",
        "VITAS ESBS Elbląg",
        "VALUE MEDIA TEAM",
        "ODMET Fundacja Bridge24.pl",
        "Szkoła Brydża Szlem Gdańsk",
        "ŁĄCZNOŚĆ Olsztyn",
        "TB Silesia II Gliwice",
        "Agilero Piast Skawina"
    ],
    "GTB SDK Tczew": [
        "TB Silesia I Gliwice",
        "ZIMMERMANN AZS UW",
        "ESKOM Warszawa",
        "VITAS ESBS Elbląg",
        "VALUE MEDIA TEAM",
        "GTB ANDRZEJKI Gdańsk",
        "Magma KS AZS Wratislavia I WR",
        "Szkoła Brydża Szlem Gdańsk",
        "SYNERGIA Lublin",
        "ŁĄCZNOŚĆ Olsztyn",
        "Bridge24.pl 2.",
        "TB Silesia II Gliwice"
    ],
    "TB Silesia II Gliwice": [
        "TB Silesia I Gliwice",
        "ESKOM Warszawa",
        "SPS CONSTRUCTION Kielce",
        "VITAS ESBS Elbląg",
        "VALUE MEDIA TEAM",
        "ODMET Fundacja Bridge24.pl",
        "Magma KS AZS Wratislavia I WR",
        "Szkoła Brydża Szlem Gdańsk",
        "SYNERGIA Lublin"
    ],
    "Agilero Piast Skawina": [
        "TB Silesia I Gliwice",
        "ZIMMERMANN AZS UW",
        "SPS CONSTRUCTION Kielce",
        "VITAS ESBS Elbląg",
        "VALUE MEDIA TEAM",
        "ODMET Fundacja Bridge24.pl",
        "GTB ANDRZEJKI Gdańsk",
        "GTB SDK Tczew",
        "TB Silesia II Gliwice"
    ],
    "Magma KS AZS Wratislavia I WR": [
        "ZIMMERMANN AZS UW",
        "SPS CONSTRUCTION Kielce",
        "VITAS ESBS Elbląg",
        "VALUE MEDIA TEAM",
        "GTB ANDRZEJKI Gdańsk",
        "Bridge24.pl 2.",
        "Agilero Piast Skawina"
    ],
    "ODMET Fundacja Bridge24.pl": [
        "ESKOM Warszawa",
        "SPS CONSTRUCTION Kielce",
        "VITAS ESBS Elbląg",
        "VALUE MEDIA TEAM",
        "GTB ANDRZEJKI Gdańsk",
        "Magma KS AZS Wratislavia I WR",
        "GTB SDK Tczew"
    ],
    "GTB ANDRZEJKI Gdańsk": [
        "VITAS ESBS Elbląg",
        "VALUE MEDIA TEAM",
        "Szkoła Brydża Szlem Gdańsk",
        "Bridge24.pl 2.",
        "TB Silesia II Gliwice"
    ]
}