{
    "INVENIO SZLEM Dzierżoniów": [
        "SYNIS VALUE MEDIA Opole",
        "GTB SDK Tczew",
        "UKB KLEKS Szamotuły",
        "KDK Kutno",
        "GTB Express z Kaszub",
        "GAMBLING ZAMEK Ciechanów"
    ],
    "ANNEBERG Zielona Góra": [
        "SYNIS VALUE MEDIA Opole",
        "INVENIO SZLEM Dzierżoniów",
        "GSBS KART-EL Gorzów",
        "GTB SDK Tczew",
        "AD Szczecin",
        "BIOPAX.PL AZS UZ"
    ],
    "ILANKA 1 Rzepin": [
        "SYNIS VALUE MEDIA Opole",
        "INVENIO SZLEM Dzierżoniów",
        "ANNEBERG Zielona Góra",
        "AD Szczecin",
        "UKB KLEKS Szamotuły",
        "UNIA WINKHAUS Leszno",
        "KDK Kutno",
        "GTB Express z Kaszub"
    ],
    "GSBS KART-EL Gorzów": [
        "SYNIS VALUE MEDIA Opole",
        "INVENIO SZLEM Dzierżoniów",
        "ILANKA 1 Rzepin",
        "GOLDBECK COMFORT SA KS AZS Wratislavia IV/VII",
        "AD Szczecin",
        "UKB KLEKS Szamotuły",
        "UNIA WINKHAUS Leszno",
        "Bluerefrigeration KS AZS Wratislavia II"
    ],
    "GOLDBECK COMFORT SA KS AZS Wratislavia IV/VII": [
        "SYNIS VALUE MEDIA Opole",
        "INVENIO SZLEM Dzierżoniów",
        "ANNEBERG Zielona Góra",
        "ILANKA 1 Rzepin",
        "UKB KLEKS Szamotuły",
        "BIOPAX.PL AZS UZ",
        "ZOIM & FIORI Szczecin",
        "UNIA WINKHAUS Leszno",
        "Bluerefrigeration KS AZS Wratislavia II"
    ],
    "GTB SDK Tczew": [
        "SYNIS VALUE MEDIA Opole",
        "ILANKA 1 Rzepin",
        "GSBS KART-EL Gorzów",
        "GOLDBECK COMFORT SA KS AZS Wratislavia IV/VII",
        "AD Szczecin",
        "BIOPAX.PL AZS UZ",
        "ZOIM & FIORI Szczecin",
        "UNIA WINKHAUS Leszno",
        "Bluerefrigeration KS AZS Wratislavia II",
        "GAMBLING ZAMEK Ciechanów"
    ],
    "AD Szczecin": [
        "SYNIS VALUE MEDIA Opole",
        "INVENIO SZLEM Dzierżoniów",
        "GOLDBECK COMFORT SA KS AZS Wratislavia IV/VII",
        "UKB KLEKS Szamotuły",
        "BIOPAX.PL AZS UZ",
        "ZOIM & FIORI Szczecin",
        "KDK Kutno",
        "GTB Express z Kaszub",
        "GAMBLING ZAMEK Ciechanów"
    ],
    "UKB KLEKS Szamotuły": [
        "SYNIS VALUE MEDIA Opole",
        "ANNEBERG Zielona Góra",
        "GTB SDK Tczew",
        "ZOIM & FIORI Szczecin",
        "GTB Express z Kaszub",
        "Bluerefrigeration KS AZS Wratislavia II"
    ],
    "BIOPAX.PL AZS UZ": [
        "SYNIS VALUE MEDIA Opole",
        "INVENIO SZLEM Dzierżoniów",
        "ILANKA 1 Rzepin",
        "GSBS KART-EL Gorzów",
        "UKB KLEKS Szamotuły",
        "ZOIM & FIORI Szczecin",
        "UNIA WINKHAUS Leszno",
        "Bluerefrigeration KS AZS Wratislavia II"
    ],
    "ZOIM & FIORI Szczecin": [
        "SYNIS VALUE MEDIA Opole",
        "INVENIO SZLEM Dzierżoniów",
        "ANNEBERG Zielona Góra",
        "ILANKA 1 Rzepin",
        "GSBS KART-EL Gorzów",
        "KDK Kutno"
    ],
    "UNIA WINKHAUS Leszno": [
        "SYNIS VALUE MEDIA Opole",
        "INVENIO SZLEM Dzierżoniów",
        "ANNEBERG Zielona Góra",
        "AD Szczecin",
        "UKB KLEKS Szamotuły",
        "ZOIM & FIORI Szczecin",
        "GTB Express z Kaszub"
    ],
    "KDK Kutno": [
        "SYNIS VALUE MEDIA Opole",
        "ANNEBERG Zielona Góra",
        "GSBS KART-EL Gorzów",
        "GOLDBECK COMFORT SA KS AZS Wratislavia IV/VII",
        "GTB SDK Tczew",
        "UKB KLEKS Szamotuły",
        "BIOPAX.PL AZS UZ",
        "UNIA WINKHAUS Leszno",
        "GTB Express z Kaszub",
        "GAMBLING ZAMEK Ciechanów"
    ],
    "GTB Express z Kaszub": [
        "SYNIS VALUE MEDIA Opole",
        "ANNEBERG Zielona Góra",
        "GSBS KART-EL Gorzów",
        "GOLDBECK COMFORT SA KS AZS Wratislavia IV/VII",
        "GTB SDK Tczew",
        "BIOPAX.PL AZS UZ",
        "ZOIM & FIORI Szczecin"
    ],
    "Bluerefrigeration KS AZS Wratislavia II": [
        "SYNIS VALUE MEDIA Opole",
        "INVENIO SZLEM Dzierżoniów",
        "ANNEBERG Zielona Góra",
        "ILANKA 1 Rzepin",
        "AD Szczecin",
        "ZOIM & FIORI Szczecin",
        "UNIA WINKHAUS Leszno",
        "KDK Kutno",
        "GTB Express z Kaszub"
    ],
    "GAMBLING ZAMEK Ciechanów": [
        "SYNIS VALUE MEDIA Opole",
        "ANNEBERG Zielona Góra",
        "ILANKA 1 Rzepin",
        "GSBS KART-EL Gorzów",
        "GOLDBECK COMFORT SA KS AZS Wratislavia IV/VII",
        "UKB KLEKS Szamotuły",
        "BIOPAX.PL AZS UZ",
        "ZOIM & FIORI Szczecin",
        "UNIA WINKHAUS Leszno",
        "GTB Express z Kaszub",
        "Bluerefrigeration KS AZS Wratislavia II"
    ]
}