{
    "TB SILESIA II Gliwice": [
        "Bridge24.pl 2",
        "Elektromontaż Joker Rzeszów",
        "BSBS KONSTANTA Bielsko-Biała",
        "SKOBUD JOKER Tarnobrzeg",
        "INWIT Pabianice"
    ],
    "Agilero Piast Skawina": [
        "TB SILESIA II Gliwice",
        "Elektromontaż Joker Rzeszów",
        "ZweryfikujFirmę.pl - AZS UW",
        "OBJECTIVITY KS AZS Wratislavia VI WR"
    ],
    "ZweryfikujFirmę.pl - AZS UW": [
        "TB SILESIA II Gliwice",
        "Bridge24.pl 2",
        "Elektromontaż Joker Rzeszów",
        "KKBS CZARNA PAPUGA ZWIERZYNIEC Kraków",
        "VĘGORIA WCK Węgorzewo",
        "FREEECO CHEMIK Puławy"
    ],
    "KKBS CZARNA PAPUGA ZWIERZYNIEC Kraków": [
        "TB SILESIA II Gliwice",
        "Bridge24.pl 2",
        "Agilero Piast Skawina",
        "FREEECO CHEMIK Puławy"
    ],
    "VĘGORIA WCK Węgorzewo": [
        "TB SILESIA II Gliwice",
        "Bridge24.pl 2",
        "Agilero Piast Skawina",
        "Elektromontaż Joker Rzeszów",
        "KKBS CZARNA PAPUGA ZWIERZYNIEC Kraków",
        "SKOBUD JOKER Tarnobrzeg",
        "INWIT Pabianice",
        "FREEECO CHEMIK Puławy",
        "MOKOTÓW Warszawa"
    ],
    "FREEECO CHEMIK Puławy": [
        "TB SILESIA II Gliwice",
        "Bridge24.pl 2",
        "Agilero Piast Skawina",
        "SKOBUD JOKER Tarnobrzeg",
        "INWIT Pabianice",
        "OBJECTIVITY KS AZS Wratislavia VI WR",
        "MOKOTÓW Warszawa",
        "BUKS MDK MOSM I Bytom"
    ],
    "Taka sobie drużyna brydżowa WZBS": [
        "TB SILESIA II Gliwice",
        "Bridge24.pl 2",
        "Agilero Piast Skawina",
        "Elektromontaż Joker Rzeszów",
        "BSBS KONSTANTA Bielsko-Biała",
        "ZweryfikujFirmę.pl - AZS UW",
        "KKBS CZARNA PAPUGA ZWIERZYNIEC Kraków",
        "VĘGORIA WCK Węgorzewo",
        "FREEECO CHEMIK Puławy",
        "Laser DeLux Łódź",
        "OBJECTIVITY KS AZS Wratislavia VI WR"
    ],
    "Laser DeLux Łódź": [
        "TB SILESIA II Gliwice",
        "Agilero Piast Skawina",
        "Elektromontaż Joker Rzeszów",
        "BSBS KONSTANTA Bielsko-Biała",
        "ZweryfikujFirmę.pl - AZS UW",
        "KKBS CZARNA PAPUGA ZWIERZYNIEC Kraków",
        "VĘGORIA WCK Węgorzewo",
        "FREEECO CHEMIK Puławy",
        "OBJECTIVITY KS AZS Wratislavia VI WR"
    ],
    "OBJECTIVITY KS AZS Wratislavia VI WR": [
        "TB SILESIA II Gliwice",
        "Elektromontaż Joker Rzeszów",
        "BSBS KONSTANTA Bielsko-Biała",
        "ZweryfikujFirmę.pl - AZS UW",
        "KKBS CZARNA PAPUGA ZWIERZYNIEC Kraków",
        "SKOBUD JOKER Tarnobrzeg",
        "VĘGORIA WCK Węgorzewo",
        "INWIT Pabianice",
        "BUKS MDK MOSM I Bytom"
    ],
    "MOKOTÓW Warszawa": [
        "TB SILESIA II Gliwice",
        "Bridge24.pl 2",
        "Agilero Piast Skawina",
        "BSBS KONSTANTA Bielsko-Biała",
        "ZweryfikujFirmę.pl - AZS UW",
        "KKBS CZARNA PAPUGA ZWIERZYNIEC Kraków",
        "SKOBUD JOKER Tarnobrzeg",
        "Taka sobie drużyna brydżowa WZBS",
        "Laser DeLux Łódź",
        "OBJECTIVITY KS AZS Wratislavia VI WR",
        "BUKS MDK MOSM I Bytom"
    ],
    "BUKS MDK MOSM I Bytom": [
        "TB SILESIA II Gliwice",
        "Bridge24.pl 2",
        "Agilero Piast Skawina",
        "Elektromontaż Joker Rzeszów",
        "BSBS KONSTANTA Bielsko-Biała",
        "ZweryfikujFirmę.pl - AZS UW",
        "KKBS CZARNA PAPUGA ZWIERZYNIEC Kraków",
        "SKOBUD JOKER Tarnobrzeg",
        "VĘGORIA WCK Węgorzewo",
        "INWIT Pabianice",
        "Taka sobie drużyna brydżowa WZBS",
        "Laser DeLux Łódź"
    ],
    "Bridge24.pl 2": [
        "Agilero Piast Skawina",
        "Elektromontaż Joker Rzeszów",
        "Laser DeLux Łódź",
        "OBJECTIVITY KS AZS Wratislavia VI WR"
    ],
    "BSBS KONSTANTA Bielsko-Biała": [
        "Bridge24.pl 2",
        "Agilero Piast Skawina",
        "ZweryfikujFirmę.pl - AZS UW",
        "KKBS CZARNA PAPUGA ZWIERZYNIEC Kraków",
        "SKOBUD JOKER Tarnobrzeg",
        "VĘGORIA WCK Węgorzewo",
        "INWIT Pabianice",
        "FREEECO CHEMIK Puławy"
    ],
    "SKOBUD JOKER Tarnobrzeg": [
        "Bridge24.pl 2",
        "Agilero Piast Skawina",
        "Elektromontaż Joker Rzeszów",
        "ZweryfikujFirmę.pl - AZS UW",
        "KKBS CZARNA PAPUGA ZWIERZYNIEC Kraków",
        "Taka sobie drużyna brydżowa WZBS",
        "Laser DeLux Łódź"
    ],
    "INWIT Pabianice": [
        "Bridge24.pl 2",
        "Agilero Piast Skawina",
        "ZweryfikujFirmę.pl - AZS UW",
        "KKBS CZARNA PAPUGA ZWIERZYNIEC Kraków",
        "SKOBUD JOKER Tarnobrzeg",
        "Taka sobie drużyna brydżowa WZBS",
        "Laser DeLux Łódź",
        "MOKOTÓW Warszawa"
    ],
    "Elektromontaż Joker Rzeszów": [
        "BSBS KONSTANTA Bielsko-Biała",
        "KKBS CZARNA PAPUGA ZWIERZYNIEC Kraków",
        "INWIT Pabianice",
        "FREEECO CHEMIK Puławy",
        "MOKOTÓW Warszawa"
    ]
}