{
    "ELEKTROWNIA PAB Żelichowo": [
        "BIOPAX.PL AZS UZ",
        "GTB ANDRZEJKI Gdańsk",
        "ZOIM & FIORI GCKiB Dobra Szczecińska",
        "UKB KLEKS Szamotuły"
    ],
    "Bluerefrigeration AZS VIII Wratislavia": [
        "ELEKTROWNIA PAB Żelichowo",
        "BIOPAX.PL AZS UZ",
        "GAMBLING Zamek Ciechanów",
        "UKB KLEKS Szamotuły",
        "COMFORT SA KS AZS Wratislavia IV/VII",
        "RAL Poznań",
        "JANTAR Toruń",
        "AD Szczecin"
    ],
    "GAMBLING Zamek Ciechanów": [
        "ELEKTROWNIA PAB Żelichowo",
        "GTB ANDRZEJKI Gdańsk",
        "ZOIM & FIORI GCKiB Dobra Szczecińska",
        "GRICON STARKA PAB Poznań",
        "JANTAR Toruń",
        "UNIA II Leszno"
    ],
    "GRICON STARKA PAB Poznań": [
        "ELEKTROWNIA PAB Żelichowo",
        "GTB ANDRZEJKI Gdańsk",
        "ZOIM & FIORI GCKiB Dobra Szczecińska",
        "Bluerefrigeration AZS VIII Wratislavia",
        "COMFORT SA KS AZS Wratislavia IV/VII",
        "GSBS KART-EL Gorzów",
        "KTB Konin"
    ],
    "COMFORT SA KS AZS Wratislavia IV/VII": [
        "ELEKTROWNIA PAB Żelichowo",
        "BIOPAX.PL AZS UZ",
        "GAMBLING Zamek Ciechanów",
        "JANTAR Toruń",
        "AD Szczecin",
        "UNIA II Leszno"
    ],
    "VĘGORIA WCK Węgorzewo": [
        "ELEKTROWNIA PAB Żelichowo",
        "BIOPAX.PL AZS UZ",
        "GTB ANDRZEJKI Gdańsk",
        "ZOIM & FIORI GCKiB Dobra Szczecińska",
        "Bluerefrigeration AZS VIII Wratislavia",
        "GAMBLING Zamek Ciechanów",
        "GRICON STARKA PAB Poznań",
        "UKB KLEKS Szamotuły",
        "COMFORT SA KS AZS Wratislavia IV/VII"
    ],
    "RAL Poznań": [
        "ELEKTROWNIA PAB Żelichowo",
        "BIOPAX.PL AZS UZ",
        "GTB ANDRZEJKI Gdańsk",
        "ZOIM & FIORI GCKiB Dobra Szczecińska",
        "GAMBLING Zamek Ciechanów",
        "GRICON STARKA PAB Poznań",
        "UKB KLEKS Szamotuły",
        "COMFORT SA KS AZS Wratislavia IV/VII",
        "VĘGORIA WCK Węgorzewo",
        "KTB Konin",
        "AD Szczecin"
    ],
    "GSBS KART-EL Gorzów": [
        "ELEKTROWNIA PAB Żelichowo",
        "GTB ANDRZEJKI Gdańsk",
        "ZOIM & FIORI GCKiB Dobra Szczecińska",
        "Bluerefrigeration AZS VIII Wratislavia",
        "GAMBLING Zamek Ciechanów",
        "COMFORT SA KS AZS Wratislavia IV/VII",
        "VĘGORIA WCK Węgorzewo",
        "RAL Poznań",
        "UNIA II Leszno"
    ],
    "KTB Konin": [
        "ELEKTROWNIA PAB Żelichowo",
        "BIOPAX.PL AZS UZ",
        "GTB ANDRZEJKI Gdańsk",
        "ZOIM & FIORI GCKiB Dobra Szczecińska",
        "Bluerefrigeration AZS VIII Wratislavia",
        "GAMBLING Zamek Ciechanów",
        "UKB KLEKS Szamotuły",
        "COMFORT SA KS AZS Wratislavia IV/VII",
        "VĘGORIA WCK Węgorzewo",
        "GSBS KART-EL Gorzów",
        "JANTAR Toruń"
    ],
    "JANTAR Toruń": [
        "ELEKTROWNIA PAB Żelichowo",
        "ZOIM & FIORI GCKiB Dobra Szczecińska",
        "GRICON STARKA PAB Poznań",
        "UKB KLEKS Szamotuły",
        "VĘGORIA WCK Węgorzewo",
        "RAL Poznań",
        "GSBS KART-EL Gorzów",
        "UNIA II Leszno"
    ],
    "AD Szczecin": [
        "ELEKTROWNIA PAB Żelichowo",
        "ZOIM & FIORI GCKiB Dobra Szczecińska",
        "GAMBLING Zamek Ciechanów",
        "GRICON STARKA PAB Poznań",
        "VĘGORIA WCK Węgorzewo",
        "GSBS KART-EL Gorzów",
        "KTB Konin",
        "JANTAR Toruń"
    ],
    "UNIA II Leszno": [
        "ELEKTROWNIA PAB Żelichowo",
        "GTB ANDRZEJKI Gdańsk",
        "Bluerefrigeration AZS VIII Wratislavia",
        "GRICON STARKA PAB Poznań",
        "UKB KLEKS Szamotuły",
        "VĘGORIA WCK Węgorzewo",
        "RAL Poznań",
        "KTB Konin",
        "AD Szczecin"
    ],
    "BIOPAX.PL AZS UZ": [
        "GTB ANDRZEJKI Gdańsk",
        "GAMBLING Zamek Ciechanów",
        "GRICON STARKA PAB Poznań",
        "GSBS KART-EL Gorzów",
        "JANTAR Toruń",
        "AD Szczecin",
        "UNIA II Leszno"
    ],
    "ZOIM & FIORI GCKiB Dobra Szczecińska": [
        "BIOPAX.PL AZS UZ",
        "Bluerefrigeration AZS VIII Wratislavia",
        "UKB KLEKS Szamotuły",
        "COMFORT SA KS AZS Wratislavia IV/VII",
        "UNIA II Leszno"
    ],
    "UKB KLEKS Szamotuły": [
        "BIOPAX.PL AZS UZ",
        "GAMBLING Zamek Ciechanów",
        "GRICON STARKA PAB Poznań",
        "COMFORT SA KS AZS Wratislavia IV/VII",
        "GSBS KART-EL Gorzów",
        "AD Szczecin"
    ],
    "GTB ANDRZEJKI Gdańsk": [
        "ZOIM & FIORI GCKiB Dobra Szczecińska",
        "Bluerefrigeration AZS VIII Wratislavia",
        "UKB KLEKS Szamotuły",
        "COMFORT SA KS AZS Wratislavia IV/VII",
        "JANTAR Toruń",
        "AD Szczecin"
    ]
}