{
    "TB Silesia I Gliwice": [
        "Bridge24.pl",
        "Objectivity KS AZS Wratislavia III WR",
        "SYNTEX Łączność Łowicz",
        "TRANSFER 6 PAB Poznań",
        "LKS Kasztelan Konkret Chełmno",
        "BRIDGESCANNER KS AZS Wratislavia I WR",
        "GRICON STARKA PAB Poznań"
    ],
    "Bridge24.pl": [
        "Objectivity KS AZS Wratislavia III WR",
        "Bridge24.pl 2.",
        "BRIDGESCANNER KS AZS Wratislavia I WR",
        "GTB ANDRZEJKI Gdańsk",
        "SYNERGIA Lublin",
        "MKS MAZOVIA Mińsk Mazowiecki"
    ],
    "SYNTEX Łączność Łowicz": [
        "Bridge24.pl",
        "Szlem Barlinek - Szkoła Brydża Gdańsk",
        "SPS Construction Kielce",
        "Bridge24.pl 2.",
        "LKS Kasztelan Konkret Chełmno",
        "BRIDGESCANNER KS AZS Wratislavia I WR",
        "GTB ANDRZEJKI Gdańsk",
        "GRICON STARKA PAB Poznań",
        "MKS MAZOVIA Mińsk Mazowiecki"
    ],
    "Szlem Barlinek - Szkoła Brydża Gdańsk": [
        "Bridge24.pl",
        "TB Silesia I Gliwice",
        "Objectivity KS AZS Wratislavia III WR",
        "SPS Construction Kielce",
        "ESBS VITAS Elbląg",
        "Skobud Joker Tarnobrzeg",
        "SYNERGIA Lublin",
        "GRICON STARKA PAB Poznań"
    ],
    "SPS Construction Kielce": [
        "Bridge24.pl",
        "TB Silesia I Gliwice",
        "ESBS VITAS Elbląg",
        "Bridge24.pl 2.",
        "LKS Kasztelan Konkret Chełmno",
        "Skobud Joker Tarnobrzeg",
        "SYNERGIA Lublin"
    ],
    "ESBS VITAS Elbląg": [
        "Bridge24.pl",
        "TB Silesia I Gliwice",
        "Objectivity KS AZS Wratislavia III WR",
        "SYNTEX Łączność Łowicz",
        "GTB ANDRZEJKI Gdańsk",
        "Skobud Joker Tarnobrzeg",
        "SYNERGIA Lublin",
        "GRICON STARKA PAB Poznań"
    ],
    "TRANSFER 6 PAB Poznań": [
        "Bridge24.pl",
        "Objectivity KS AZS Wratislavia III WR",
        "SYNTEX Łączność Łowicz",
        "Szlem Barlinek - Szkoła Brydża Gdańsk",
        "SPS Construction Kielce",
        "ESBS VITAS Elbląg",
        "GRICON STARKA PAB Poznań"
    ],
    "LKS Kasztelan Konkret Chełmno": [
        "Bridge24.pl",
        "Szlem Barlinek - Szkoła Brydża Gdańsk",
        "ESBS VITAS Elbląg",
        "Bridge24.pl 2.",
        "TRANSFER 6 PAB Poznań",
        "GTB ANDRZEJKI Gdańsk",
        "SYNERGIA Lublin",
        "MKS MAZOVIA Mińsk Mazowiecki"
    ],
    "Skobud Joker Tarnobrzeg": [
        "Bridge24.pl",
        "TB Silesia I Gliwice",
        "SYNTEX Łączność Łowicz",
        "Bridge24.pl 2.",
        "TRANSFER 6 PAB Poznań",
        "LKS Kasztelan Konkret Chełmno",
        "GTB ANDRZEJKI Gdańsk",
        "MKS MAZOVIA Mińsk Mazowiecki"
    ],
    "GRICON STARKA PAB Poznań": [
        "Bridge24.pl",
        "Objectivity KS AZS Wratislavia III WR",
        "SPS Construction Kielce",
        "Bridge24.pl 2.",
        "LKS Kasztelan Konkret Chełmno",
        "Skobud Joker Tarnobrzeg",
        "SYNERGIA Lublin",
        "MKS MAZOVIA Mińsk Mazowiecki"
    ],
    "Bridge24.pl 2.": [
        "TB Silesia I Gliwice",
        "Objectivity KS AZS Wratislavia III WR",
        "Szlem Barlinek - Szkoła Brydża Gdańsk",
        "ESBS VITAS Elbląg",
        "TRANSFER 6 PAB Poznań",
        "BRIDGESCANNER KS AZS Wratislavia I WR",
        "GTB ANDRZEJKI Gdańsk",
        "MKS MAZOVIA Mińsk Mazowiecki"
    ],
    "GTB ANDRZEJKI Gdańsk": [
        "TB Silesia I Gliwice",
        "Objectivity KS AZS Wratislavia III WR",
        "Szlem Barlinek - Szkoła Brydża Gdańsk",
        "SPS Construction Kielce",
        "TRANSFER 6 PAB Poznań",
        "BRIDGESCANNER KS AZS Wratislavia I WR",
        "GRICON STARKA PAB Poznań",
        "MKS MAZOVIA Mińsk Mazowiecki"
    ],
    "SYNERGIA Lublin": [
        "TB Silesia I Gliwice",
        "Objectivity KS AZS Wratislavia III WR",
        "SYNTEX Łączność Łowicz",
        "Bridge24.pl 2.",
        "TRANSFER 6 PAB Poznań",
        "GTB ANDRZEJKI Gdańsk",
        "Skobud Joker Tarnobrzeg"
    ],
    "MKS MAZOVIA Mińsk Mazowiecki": [
        "TB Silesia I Gliwice",
        "Objectivity KS AZS Wratislavia III WR",
        "Szlem Barlinek - Szkoła Brydża Gdańsk",
        "SPS Construction Kielce",
        "ESBS VITAS Elbląg",
        "TRANSFER 6 PAB Poznań",
        "BRIDGESCANNER KS AZS Wratislavia I WR",
        "SYNERGIA Lublin"
    ],
    "Objectivity KS AZS Wratislavia III WR": [
        "SYNTEX Łączność Łowicz",
        "SPS Construction Kielce",
        "LKS Kasztelan Konkret Chełmno",
        "Skobud Joker Tarnobrzeg"
    ],
    "BRIDGESCANNER KS AZS Wratislavia I WR": [
        "Objectivity KS AZS Wratislavia III WR",
        "Szlem Barlinek - Szkoła Brydża Gdańsk",
        "SPS Construction Kielce",
        "ESBS VITAS Elbląg",
        "TRANSFER 6 PAB Poznań",
        "LKS Kasztelan Konkret Chełmno",
        "Skobud Joker Tarnobrzeg",
        "SYNERGIA Lublin",
        "GRICON STARKA PAB Poznań"
    ]
}